STUDENT,165,166,201,265,266,267,301,302,304,314,317,350,365,373,385,414,415,435,436,GRADUATE
51,0.0,0.0,0.0,0.0,0.0,0.0,0.0,0.0,0.0,0.0,0.0,0.0,0.0,7.0,0.0,0.0,0.0,0.0,0.0,1
75,2.0,3.0,4.0,4.0,0.0,5.0,6.0,0.0,0.0,0.0,5.0,0.0,8.0,0.0,8.0,7.0,0.0,7.0,8.0,1
86,0.0,0.0,2.0,0.0,0.0,0.0,3.0,0.0,0.0,4.0,1.0,0.0,0.0,0.0,1.0,4.0,0.0,3.0,2.0,1
94,0.0,0.0,1.0,0.0,0.0,0.0,2.0,3.0,0.0,0.0,1.0,0.0,1.0,2.0,0.0,2.0,0.0,0.0,0.0,1
128,0.0,0.0,2.0,1.0,0.0,3.0,5.0,0.0,7.0,8.0,3.0,4.0,0.0,0.0,0.0,8.0,0.0,7.0,0.0,1
193,1.0,2.0,6.0,3.0,0.0,4.0,6.0,8.0,0.0,0.0,5.0,0.0,0.0,7.0,0.0,5.0,0.0,7.0,0.0,1
202,0.0,0.0,0.0,0.0,0.0,0.0,0.0,0.0,0.0,0.0,0.0,0.0,0.0,0.0,0.0,0.0,0.0,0.0,0.0,0
264,0.0,1.0,3.0,2.0,3.0,0.0,7.0,0.0,0.0,8.0,4.0,0.0,0.0,0.0,0.0,5.0,6.0,0.0,0.0,1
287,0.0,2.0,3.0,3.0,0.0,-4.0,-5.0,0.0,0.0,0.0,4.0,0.0,0.0,0.0,0.0,-7.0,0.0,5.0,6.0,1
327,0.0,0.0,1.0,1.0,0.0,2.0,3.0,-4.0,5.0,0.0,-2.0,4.0,0.0,0.0,3.0,0.0,0.0,0.0,0.0,0
334,3.0,4.0,5.0,5.0,6.0,0.0,7.0,0.0,0.0,0.0,6.0,8.0,0.0,0.0,0.0,0.0,0.0,7.0,8.0,0
341,1.0,2.0,3.0,3.0,0.0,4.0,5.0,0.0,0.0,0.0,4.0,0.0,0.0,0.0,0.0,7.0,0.0,5.0,6.0,1
417,1.0,3.0,5.0,3.0,0.0,4.0,0.0,0.0,0.0,8.0,5.0,0.0,0.0,7.0,0.0,0.0,0.0,0.0,0.0,1
522,0.0,1.0,2.0,2.0,0.0,3.0,-5.0,0.0,0.0,0.0,3.0,0.0,0.0,0.0,0.0,7.0,0.0,5.0,-4.0,1
537,0.0,0.0,0.0,0.0,2.0,0.0,3.0,0.0,0.0,0.0,2.0,0.0,0.0,0.0,0.0,5.0,0.0,3.0,4.0,1
568,0.0,0.0,6.0,0.0,0.0,0.0,0.0,0.0,0.0,0.0,7.0,0.0,0.0,8.0,0.0,8.0,0.0,0.0,0.0,1
570,0.0,0.0,2.0,1.0,0.0,2.0,5.0,0.0,7.0,0.0,3.0,0.0,8.0,0.0,0.0,5.0,0.0,5.0,8.0,1
577,0.0,0.0,2.0,1.0,0.0,0.0,0.0,0.0,0.0,0.0,3.0,0.0,0.0,0.0,0.0,7.0,0.0,0.0,0.0,1
585,0.0,3.0,0.0,0.0,0.0,0.0,0.0,0.0,0.0,0.0,4.0,0.0,0.0,7.0,0.0,5.0,0.0,0.0,0.0,1
593,0.0,0.0,2.0,1.0,0.0,2.0,5.0,0.0,0.0,-8.0,3.0,0.0,4.0,0.0,0.0,3.0,4.0,0.0,0.0,1
614,0.0,0.0,0.0,0.0,0.0,0.0,4.0,6.0,7.0,0.0,0.0,4.0,4.0,0.0,0.0,5.0,6.0,5.0,6.0,1
766,0.0,1.0,3.0,2.0,0.0,3.0,0.0,0.0,0.0,0.0,0.0,0.0,0.0,0.0,0.0,0.0,0.0,0.0,0.0,0
783,0.0,0.0,5.0,0.0,0.0,0.0,6.0,0.0,0.0,0.0,5.0,0.0,0.0,0.0,0.0,8.0,0.0,7.0,8.0,0
808,0.0,1.0,2.0,2.0,0.0,3.0,5.0,0.0,0.0,0.0,3.0,0.0,0.0,0.0,0.0,7.0,0.0,5.0,6.0,1
820,0.0,0.0,7.0,0.0,-8.0,0.0,0.0,0.0,0.0,0.0,8.0,0.0,0.0,7.0,0.0,0.0,0.0,0.0,0.0,0
876,0.0,0.0,6.0,3.0,0.0,5.0,0.0,0.0,0.0,0.0,0.0,6.0,0.0,0.0,0.0,0.0,0.0,0.0,0.0,0
877,0.0,0.0,0.0,0.0,0.0,0.0,0.0,0.0,0.0,0.0,0.0,0.0,0.0,0.0,8.0,0.0,0.0,0.0,0.0,0
899,0.0,0.0,1.0,0.0,1.0,0.0,0.0,0.0,0.0,0.0,2.0,0.0,0.0,0.0,2.0,4.0,0.0,0.0,0.0,1
926,3.0,2.0,-4.0,3.0,0.0,6.0,0.0,0.0,0.0,8.0,-7.0,0.0,0.0,0.0,0.0,8.0,0.0,0.0,0.0,0
960,0.0,0.0,1.0,1.0,0.0,0.0,-2.0,0.0,0.0,0.0,1.0,0.0,0.0,0.0,0.0,4.0,0.0,2.0,3.0,1
966,0.0,0.0,0.0,0.0,0.0,0.0,5.0,6.0,-5.0,4.0,0.0,4.0,0.0,0.0,0.0,0.0,0.0,0.0,0.0,0
967,0.0,1.0,2.0,2.0,0.0,3.0,0.0,0.0,0.0,4.0,3.0,0.0,6.0,7.0,0.0,0.0,0.0,0.0,0.0,1
975,0.0,0.0,0.0,0.0,0.0,0.0,0.0,6.0,7.0,0.0,0.0,0.0,8.0,7.0,6.0,6.0,8.0,0.0,0.0,1
1006,0.0,0.0,0.0,2.0,0.0,0.0,0.0,0.0,0.0,0.0,0.0,0.0,0.0,0.0,0.0,0.0,0.0,0.0,0.0,0
1085,0.0,3.0,4.0,4.0,0.0,5.0,-6.0,0.0,0.0,0.0,8.0,7.0,7.0,6.0,0.0,8.0,0.0,0.0,0.0,0
1095,0.0,0.0,3.0,2.0,0.0,4.0,6.0,0.0,0.0,0.0,5.0,0.0,0.0,0.0,0.0,0.0,0.0,7.0,8.0,0
1107,1.0,2.0,7.0,3.0,4.0,0.0,6.0,0.0,7.0,6.0,6.0,0.0,0.0,0.0,0.0,6.0,8.0,0.0,0.0,1
1135,1.0,2.0,3.0,3.0,0.0,4.0,5.0,0.0,0.0,0.0,4.0,0.0,0.0,0.0,0.0,6.0,0.0,5.0,6.0,1
1141,2.0,2.0,3.0,3.0,0.0,4.0,5.0,0.0,0.0,0.0,4.0,0.0,0.0,0.0,0.0,5.0,7.0,6.0,7.0,0
1183,0.0,0.0,1.0,1.0,0.0,2.0,3.0,4.0,-5.0,0.0,2.0,0.0,0.0,0.0,0.0,5.0,0.0,3.0,4.0,0
1207,0.0,0.0,7.0,3.0,7.0,0.0,0.0,0.0,0.0,0.0,8.0,0.0,0.0,0.0,0.0,0.0,0.0,0.0,0.0,0
1208,0.0,2.0,3.0,3.0,0.0,4.0,5.0,8.0,0.0,6.0,4.0,0.0,4.0,0.0,7.0,5.0,6.0,0.0,8.0,1
1209,1.0,2.0,2.0,3.0,0.0,4.0,-6.0,0.0,0.0,0.0,3.0,0.0,0.0,0.0,0.0,-6.0,0.0,5.0,6.0,1
1223,0.0,0.0,0.0,0.0,0.0,0.0,5.0,0.0,0.0,0.0,5.0,5.0,0.0,0.0,0.0,6.0,7.0,0.0,0.0,1
1225,0.0,0.0,7.0,0.0,7.0,0.0,0.0,0.0,0.0,0.0,0.0,0.0,0.0,0.0,0.0,0.0,0.0,0.0,0.0,0
1261,0.0,0.0,0.0,0.0,0.0,0.0,0.0,0.0,0.0,0.0,0.0,0.0,0.0,0.0,0.0,7.0,0.0,0.0,6.0,1
1263,0.0,0.0,0.0,0.0,0.0,0.0,4.0,0.0,0.0,0.0,0.0,0.0,0.0,0.0,0.0,6.0,0.0,5.0,6.0,1
1265,0.0,0.0,0.0,0.0,0.0,0.0,2.0,3.0,2.0,3.0,1.0,0.0,0.0,0.0,2.0,4.0,0.0,4.0,0.0,1
1275,0.0,0.0,0.0,0.0,0.0,0.0,0.0,0.0,0.0,0.0,0.0,0.0,0.0,0.0,0.0,0.0,0.0,0.0,0.0,0
1312,0.0,1.0,3.0,2.0,0.0,3.0,0.0,0.0,0.0,0.0,5.0,0.0,4.0,7.0,0.0,0.0,0.0,0.0,0.0,0
1348,0.0,0.0,0.0,0.0,0.0,0.0,5.0,0.0,7.0,4.0,4.0,4.0,0.0,0.0,6.0,4.0,6.0,0.0,0.0,1
1369,0.0,0.0,6.0,0.0,0.0,5.0,7.0,0.0,0.0,0.0,6.0,0.0,0.0,0.0,0.0,8.0,0.0,7.0,8.0,0
1385,0.0,0.0,4.0,0.0,0.0,4.0,-5.0,-6.0,0.0,0.0,4.0,0.0,6.0,0.0,5.0,5.0,6.0,-5.0,0.0,0
1401,1.0,0.0,0.0,0.0,0.0,0.0,0.0,0.0,0.0,0.0,0.0,0.0,0.0,0.0,0.0,0.0,0.0,0.0,0.0,0
1428,-1.0,2.0,3.0,3.0,0.0,4.0,7.0,0.0,0.0,0.0,4.0,0.0,0.0,0.0,0.0,7.0,0.0,7.0,8.0,0
1470,0.0,1.0,4.0,2.0,0.0,3.0,7.0,0.0,0.0,0.0,5.0,0.0,0.0,0.0,0.0,6.0,0.0,5.0,6.0,1
1488,0.0,0.0,0.0,0.0,0.0,0.0,2.0,0.0,0.0,0.0,0.0,0.0,0.0,0.0,0.0,2.0,0.0,5.0,6.0,1
1573,0.0,0.0,1.0,0.0,0.0,0.0,0.0,0.0,0.0,0.0,1.0,0.0,0.0,0.0,0.0,0.0,0.0,0.0,0.0,0
1577,0.0,0.0,0.0,0.0,0.0,0.0,0.0,0.0,0.0,0.0,0.0,0.0,0.0,0.0,0.0,0.0,0.0,0.0,0.0,0
1579,0.0,0.0,0.0,0.0,0.0,0.0,0.0,6.0,0.0,0.0,5.0,0.0,0.0,0.0,5.0,7.0,0.0,0.0,0.0,1
1584,0.0,0.0,0.0,0.0,0.0,0.0,4.0,0.0,0.0,0.0,0.0,0.0,0.0,0.0,0.0,0.0,4.0,0.0,0.0,0
1650,1.0,2.0,3.0,3.0,0.0,4.0,5.0,0.0,0.0,8.0,-4.0,0.0,0.0,0.0,0.0,5.0,0.0,7.0,8.0,1
1678,0.0,1.0,2.0,2.0,0.0,0.0,0.0,0.0,0.0,0.0,0.0,0.0,0.0,0.0,0.0,0.0,0.0,0.0,0.0,0
1684,0.0,1.0,3.0,2.0,0.0,3.0,-5.0,0.0,0.0,0.0,4.0,0.0,0.0,0.0,0.0,6.0,0.0,5.0,6.0,1
1747,0.0,1.0,0.0,0.0,0.0,0.0,0.0,0.0,0.0,0.0,0.0,0.0,0.0,0.0,0.0,0.0,0.0,0.0,0.0,0
1768,0.0,1.0,4.0,4.0,0.0,5.0,-7.0,0.0,7.0,0.0,-6.0,0.0,0.0,-7.0,0.0,0.0,0.0,0.0,0.0,0
1794,0.0,0.0,1.0,-2.0,-3.0,0.0,5.0,0.0,0.0,0.0,2.0,0.0,0.0,0.0,0.0,5.0,0.0,5.0,6.0,1
1803,0.0,0.0,0.0,0.0,0.0,0.0,-8.0,0.0,0.0,0.0,0.0,0.0,0.0,0.0,0.0,0.0,0.0,0.0,8.0,0
1849,0.0,0.0,4.0,4.0,0.0,0.0,0.0,0.0,5.0,0.0,-5.0,6.0,0.0,0.0,0.0,5.0,0.0,0.0,0.0,1
1873,0.0,0.0,1.0,1.0,0.0,2.0,0.0,0.0,5.0,0.0,2.0,-4.0,0.0,3.0,0.0,0.0,0.0,0.0,0.0,1
1874,0.0,0.0,0.0,0.0,0.0,0.0,7.0,0.0,0.0,0.0,0.0,7.0,7.0,0.0,0.0,8.0,0.0,8.0,0.0,0
1885,0.0,0.0,-8.0,0.0,0.0,0.0,0.0,0.0,0.0,0.0,0.0,0.0,0.0,0.0,0.0,0.0,0.0,0.0,0.0,0
1895,1.0,2.0,3.0,3.0,0.0,4.0,-5.0,0.0,0.0,0.0,4.0,0.0,0.0,0.0,0.0,0.0,0.0,0.0,0.0,1
1930,0.0,0.0,0.0,0.0,0.0,0.0,0.0,0.0,0.0,0.0,0.0,0.0,0.0,0.0,0.0,7.0,0.0,0.0,6.0,1
1954,0.0,0.0,1.0,1.0,0.0,2.0,5.0,0.0,0.0,0.0,2.0,4.0,2.0,0.0,4.0,3.0,6.0,3.0,4.0,1
1994,0.0,0.0,0.0,0.0,0.0,4.0,-5.0,0.0,0.0,0.0,4.0,0.0,8.0,0.0,0.0,-5.0,0.0,7.0,8.0,1
2001,7.0,2.0,5.0,0.0,0.0,3.0,7.0,0.0,0.0,0.0,6.0,0.0,0.0,0.0,-4.0,7.0,8.0,0.0,0.0,1
2006,0.0,0.0,-7.0,-1.0,0.0,0.0,0.0,0.0,0.0,0.0,0.0,0.0,0.0,0.0,0.0,0.0,0.0,0.0,0.0,0
2025,0.0,0.0,2.0,1.0,0.0,0.0,4.0,0.0,5.0,0.0,3.0,0.0,0.0,0.0,3.0,4.0,6.0,5.0,0.0,1
2059,0.0,0.0,1.0,0.0,0.0,0.0,0.0,0.0,0.0,4.0,-2.0,0.0,0.0,0.0,3.0,0.0,0.0,0.0,0.0,1
2084,0.0,0.0,-2.0,1.0,0.0,3.0,4.0,0.0,0.0,-8.0,3.0,0.0,0.0,0.0,0.0,7.0,0.0,5.0,4.0,1
2118,0.0,0.0,6.0,0.0,0.0,7.0,7.0,0.0,0.0,0.0,6.0,0.0,0.0,0.0,0.0,0.0,0.0,7.0,8.0,0
2179,0.0,0.0,2.0,1.0,0.0,2.0,0.0,0.0,0.0,0.0,4.0,0.0,0.0,5.0,0.0,5.0,0.0,0.0,0.0,1
2212,0.0,0.0,1.0,0.0,0.0,0.0,0.0,0.0,0.0,0.0,0.0,0.0,0.0,0.0,0.0,0.0,0.0,0.0,0.0,0
2215,0.0,0.0,0.0,0.0,0.0,0.0,0.0,0.0,0.0,0.0,0.0,0.0,0.0,0.0,0.0,0.0,0.0,0.0,0.0,0
2223,0.0,0.0,0.0,0.0,0.0,0.0,3.0,0.0,3.0,2.0,1.0,0.0,0.0,0.0,0.0,1.0,0.0,0.0,4.0,1
2253,0.0,0.0,0.0,0.0,0.0,0.0,0.0,6.0,0.0,0.0,0.0,0.0,0.0,0.0,0.0,0.0,6.0,0.0,0.0,1
2287,0.0,0.0,4.0,2.0,3.0,0.0,0.0,0.0,0.0,0.0,6.0,0.0,0.0,0.0,0.0,7.0,0.0,0.0,0.0,1
2323,0.0,0.0,3.0,0.0,0.0,0.0,0.0,0.0,0.0,0.0,0.0,0.0,0.0,0.0,0.0,5.0,6.0,0.0,0.0,0
2332,0.0,0.0,0.0,0.0,0.0,0.0,2.0,0.0,3.0,0.0,0.0,0.0,2.0,0.0,2.0,3.0,4.0,0.0,0.0,1
2361,0.0,0.0,8.0,0.0,0.0,0.0,0.0,0.0,0.0,0.0,0.0,0.0,0.0,0.0,0.0,0.0,0.0,0.0,0.0,0
2381,0.0,3.0,4.0,-5.0,0.0,0.0,0.0,0.0,0.0,0.0,-5.0,0.0,0.0,0.0,0.0,0.0,0.0,0.0,0.0,0
2510,2.0,3.0,4.0,5.0,6.0,0.0,6.0,0.0,0.0,0.0,5.0,8.0,0.0,0.0,0.0,7.0,0.0,7.0,6.0,1
2523,0.0,0.0,6.0,0.0,0.0,0.0,0.0,0.0,0.0,0.0,0.0,0.0,0.0,0.0,0.0,0.0,0.0,0.0,0.0,0
2530,0.0,0.0,0.0,0.0,0.0,0.0,5.0,6.0,0.0,6.0,4.0,0.0,4.0,0.0,0.0,5.0,0.0,0.0,0.0,1
2532,0.0,0.0,2.0,1.0,0.0,2.0,-4.0,0.0,0.0,6.0,3.0,0.0,0.0,0.0,8.0,0.0,0.0,0.0,0.0,1
2550,0.0,0.0,1.0,0.0,0.0,1.0,3.0,4.0,0.0,2.0,2.0,0.0,0.0,0.0,0.0,3.0,4.0,0.0,0.0,1
2590,0.0,0.0,0.0,2.0,0.0,0.0,0.0,0.0,0.0,0.0,0.0,0.0,0.0,0.0,0.0,0.0,0.0,0.0,0.0,0
2615,2.0,0.0,3.0,3.0,4.0,0.0,6.0,0.0,0.0,0.0,4.0,0.0,0.0,0.0,0.0,7.0,0.0,5.0,6.0,1
2621,0.0,0.0,0.0,0.0,0.0,0.0,0.0,0.0,0.0,0.0,0.0,8.0,0.0,0.0,0.0,0.0,0.0,0.0,8.0,1
2627,1.0,2.0,3.0,3.0,0.0,4.0,-5.0,0.0,0.0,0.0,4.0,0.0,0.0,0.0,6.0,5.0,0.0,5.0,4.0,1
2630,0.0,0.0,0.0,0.0,0.0,0.0,0.0,0.0,0.0,0.0,0.0,0.0,0.0,0.0,0.0,7.0,0.0,7.0,6.0,1
2652,1.0,4.0,4.0,5.0,5.0,0.0,7.0,0.0,0.0,0.0,6.0,0.0,0.0,0.0,0.0,8.0,0.0,7.0,8.0,0
2671,0.0,0.0,4.0,3.0,0.0,4.0,6.0,0.0,0.0,0.0,5.0,8.0,0.0,7.0,0.0,7.0,0.0,7.0,8.0,1
2749,0.0,0.0,0.0,0.0,5.0,0.0,0.0,0.0,0.0,0.0,3.0,0.0,0.0,6.0,0.0,5.0,0.0,0.0,0.0,1
2751,0.0,1.0,4.0,2.0,0.0,3.0,0.0,0.0,0.0,0.0,4.0,0.0,0.0,0.0,0.0,5.0,0.0,0.0,0.0,1
2775,0.0,0.0,0.0,0.0,0.0,0.0,-6.0,0.0,0.0,0.0,0.0,0.0,0.0,0.0,0.0,-7.0,0.0,7.0,8.0,0
2812,0.0,0.0,4.0,0.0,0.0,3.0,5.0,0.0,0.0,0.0,4.0,0.0,0.0,0.0,0.0,7.0,0.0,5.0,6.0,1
2814,0.0,0.0,4.0,0.0,0.0,0.0,7.0,0.0,0.0,0.0,5.0,0.0,0.0,0.0,0.0,-7.0,0.0,5.0,6.0,1
2864,0.0,0.0,0.0,0.0,0.0,0.0,3.0,4.0,0.0,4.0,3.0,2.0,0.0,0.0,0.0,1.0,0.0,0.0,0.0,1
2874,0.0,0.0,0.0,0.0,0.0,0.0,-8.0,0.0,0.0,-8.0,0.0,0.0,0.0,0.0,0.0,0.0,0.0,0.0,0.0,0
2893,0.0,0.0,5.0,0.0,0.0,0.0,7.0,8.0,7.0,6.0,6.0,0.0,0.0,0.0,0.0,6.0,8.0,0.0,0.0,1
2911,0.0,0.0,2.0,0.0,0.0,1.0,3.0,0.0,3.0,0.0,2.0,4.0,6.0,0.0,0.0,4.0,0.0,3.0,4.0,1
2934,1.0,2.0,3.0,3.0,0.0,4.0,6.0,0.0,0.0,0.0,4.0,0.0,0.0,0.0,0.0,5.0,0.0,7.0,8.0,1
2951,0.0,0.0,7.0,4.0,0.0,5.0,6.0,0.0,7.0,0.0,5.0,0.0,0.0,0.0,0.0,5.0,0.0,7.0,8.0,1
2998,0.0,0.0,3.0,0.0,0.0,0.0,5.0,0.0,7.0,6.0,4.0,6.0,0.0,0.0,0.0,7.0,8.0,0.0,0.0,1
3038,0.0,0.0,-2.0,0.0,0.0,0.0,0.0,0.0,0.0,0.0,-3.0,0.0,-3.0,0.0,0.0,0.0,0.0,0.0,0.0,0
3112,2.0,0.0,0.0,0.0,0.0,0.0,0.0,0.0,0.0,0.0,0.0,0.0,0.0,0.0,0.0,0.0,0.0,0.0,0.0,0
3121,0.0,1.0,1.0,1.0,0.0,2.0,3.0,4.0,0.0,4.0,2.0,0.0,0.0,0.0,3.0,5.0,0.0,0.0,0.0,1
3131,0.0,0.0,1.0,0.0,0.0,1.0,0.0,0.0,0.0,0.0,2.0,0.0,0.0,0.0,2.0,3.0,0.0,0.0,0.0,0
3141,0.0,1.0,2.0,2.0,4.0,0.0,4.0,0.0,0.0,0.0,-3.0,0.0,0.0,0.0,0.0,7.0,0.0,5.0,6.0,1
3158,0.0,0.0,4.0,0.0,0.0,4.0,-7.0,0.0,0.0,0.0,-6.0,0.0,0.0,0.0,0.0,8.0,0.0,7.0,8.0,0
3180,1.0,0.0,0.0,0.0,0.0,0.0,0.0,0.0,0.0,0.0,0.0,0.0,0.0,0.0,0.0,0.0,0.0,0.0,0.0,0
3191,0.0,0.0,0.0,0.0,0.0,0.0,4.0,0.0,7.0,8.0,0.0,8.0,0.0,5.0,0.0,5.0,0.0,0.0,0.0,0
3256,0.0,0.0,2.0,1.0,0.0,0.0,6.0,0.0,0.0,0.0,5.0,6.0,0.0,0.0,0.0,7.0,0.0,7.0,6.0,1
3287,0.0,0.0,3.0,1.0,0.0,2.0,4.0,8.0,0.0,0.0,3.0,0.0,0.0,7.0,0.0,5.0,0.0,0.0,0.0,1
3301,0.0,1.0,4.0,2.0,3.0,0.0,0.0,0.0,0.0,0.0,5.0,0.0,0.0,7.0,0.0,6.0,0.0,0.0,0.0,1
3331,2.0,3.0,0.0,0.0,0.0,3.0,5.0,0.0,0.0,0.0,4.0,0.0,0.0,0.0,0.0,0.0,0.0,0.0,0.0,0
3344,0.0,0.0,0.0,0.0,0.0,0.0,8.0,0.0,0.0,0.0,0.0,0.0,0.0,0.0,0.0,0.0,0.0,0.0,0.0,0
3372,0.0,1.0,3.0,2.0,0.0,4.0,6.0,0.0,0.0,0.0,5.0,0.0,0.0,5.0,0.0,5.0,0.0,0.0,0.0,1
3406,0.0,-2.0,3.0,-3.0,0.0,4.0,-5.0,0.0,0.0,0.0,4.0,0.0,0.0,0.0,0.0,7.0,0.0,5.0,6.0,1
3482,0.0,2.0,3.0,3.0,4.0,0.0,0.0,0.0,0.0,0.0,-4.0,0.0,0.0,0.0,0.0,0.0,0.0,0.0,0.0,0
3491,0.0,0.0,1.0,0.0,0.0,1.0,4.0,0.0,0.0,0.0,2.0,4.0,0.0,0.0,0.0,3.0,0.0,3.0,2.0,1
3530,0.0,0.0,2.0,1.0,0.0,2.0,4.0,0.0,5.0,0.0,3.0,0.0,0.0,0.0,0.0,6.0,0.0,5.0,4.0,1
3567,1.0,2.0,5.0,3.0,0.0,5.0,8.0,0.0,0.0,0.0,-7.0,0.0,6.0,0.0,0.0,0.0,0.0,-7.0,0.0,0
3569,0.0,0.0,0.0,0.0,0.0,0.0,8.0,0.0,0.0,0.0,0.0,0.0,0.0,0.0,0.0,0.0,0.0,0.0,8.0,0
3583,0.0,0.0,8.0,0.0,-7.0,0.0,0.0,0.0,0.0,8.0,7.0,8.0,0.0,0.0,0.0,7.0,0.0,0.0,0.0,1
3660,0.0,0.0,0.0,0.0,6.0,0.0,0.0,0.0,0.0,0.0,0.0,0.0,0.0,0.0,0.0,-7.0,0.0,0.0,0.0,1
3739,0.0,0.0,0.0,0.0,4.0,0.0,0.0,0.0,0.0,0.0,4.0,0.0,0.0,0.0,0.0,0.0,0.0,0.0,0.0,0
3749,0.0,0.0,1.0,1.0,0.0,2.0,3.0,0.0,0.0,0.0,2.0,0.0,0.0,0.0,0.0,4.0,0.0,3.0,4.0,1
3827,1.0,2.0,0.0,0.0,0.0,0.0,0.0,0.0,0.0,0.0,0.0,0.0,0.0,0.0,0.0,0.0,0.0,0.0,0.0,0
3864,0.0,0.0,4.0,3.0,0.0,-5.0,0.0,0.0,8.0,0.0,6.0,0.0,7.0,0.0,0.0,-7.0,0.0,8.0,0.0,0
3925,0.0,0.0,3.0,2.0,0.0,4.0,7.0,8.0,0.0,8.0,4.0,0.0,0.0,0.0,0.0,6.0,0.0,0.0,0.0,1
3938,2.0,4.0,4.0,5.0,0.0,7.0,0.0,0.0,0.0,0.0,-7.0,0.0,0.0,0.0,0.0,7.0,0.0,0.0,0.0,0
4038,0.0,1.0,2.0,2.0,3.0,0.0,0.0,0.0,0.0,0.0,3.0,0.0,0.0,5.0,0.0,5.0,0.0,0.0,0.0,1
4112,0.0,0.0,0.0,0.0,0.0,2.0,0.0,0.0,0.0,0.0,1.0,0.0,0.0,0.0,0.0,1.0,2.0,0.0,0.0,1
4125,2.0,3.0,4.0,0.0,0.0,5.0,5.0,0.0,0.0,0.0,6.0,0.0,0.0,0.0,0.0,0.0,0.0,7.0,8.0,0
4147,0.0,0.0,8.0,0.0,0.0,0.0,0.0,0.0,0.0,0.0,0.0,0.0,0.0,0.0,0.0,0.0,0.0,0.0,0.0,0
4154,0.0,2.0,1.0,2.0,0.0,0.0,0.0,0.0,0.0,0.0,3.0,2.0,0.0,0.0,0.0,0.0,0.0,0.0,0.0,0
4217,1.0,0.0,0.0,0.0,0.0,0.0,0.0,0.0,0.0,0.0,0.0,0.0,0.0,0.0,0.0,0.0,0.0,0.0,0.0,0
4263,0.0,0.0,-2.0,0.0,0.0,0.0,0.0,0.0,0.0,0.0,0.0,0.0,0.0,0.0,0.0,0.0,0.0,0.0,0.0,0
4321,2.0,0.0,3.0,3.0,0.0,4.0,5.0,0.0,0.0,0.0,4.0,0.0,0.0,0.0,0.0,7.0,0.0,5.0,6.0,1
4344,1.0,2.0,4.0,3.0,0.0,4.0,5.0,0.0,0.0,0.0,4.0,0.0,0.0,0.0,0.0,7.0,8.0,5.0,6.0,1
4384,0.0,5.0,4.0,5.0,0.0,4.0,-5.0,0.0,0.0,0.0,-4.0,0.0,0.0,0.0,0.0,0.0,0.0,5.0,0.0,0
4423,2.0,3.0,3.0,4.0,0.0,6.0,0.0,0.0,0.0,0.0,6.0,0.0,0.0,0.0,0.0,5.0,7.0,6.0,7.0,0
4446,2.0,3.0,4.0,4.0,0.0,8.0,8.0,0.0,0.0,8.0,6.0,0.0,0.0,-7.0,0.0,-7.0,0.0,0.0,0.0,1
4447,0.0,0.0,2.0,1.0,0.0,2.0,4.0,0.0,7.0,6.0,3.0,0.0,6.0,0.0,0.0,3.0,0.0,3.0,4.0,1
4448,0.0,0.0,0.0,0.0,0.0,0.0,4.0,0.0,0.0,0.0,0.0,0.0,0.0,0.0,0.0,5.0,0.0,5.0,6.0,1
4477,7.0,2.0,3.0,4.0,0.0,6.0,0.0,0.0,0.0,0.0,5.0,0.0,0.0,0.0,0.0,8.0,0.0,0.0,0.0,1
4501,1.0,2.0,3.0,3.0,3.0,0.0,4.0,0.0,0.0,0.0,4.0,0.0,0.0,6.0,5.0,5.0,0.0,0.0,0.0,0
4524,0.0,1.0,3.0,2.0,3.0,0.0,6.0,0.0,-7.0,8.0,4.0,0.0,8.0,0.0,7.0,7.0,0.0,0.0,0.0,0
4560,0.0,0.0,0.0,0.0,0.0,0.0,4.0,0.0,3.0,4.0,3.0,0.0,4.0,0.0,3.0,-6.0,0.0,0.0,0.0,1
4578,0.0,0.0,2.0,2.0,0.0,3.0,4.0,0.0,0.0,0.0,3.0,0.0,0.0,0.0,0.0,5.0,0.0,5.0,6.0,1
4644,1.0,2.0,3.0,-3.0,6.0,0.0,-5.0,0.0,5.0,8.0,-4.0,-8.0,0.0,0.0,0.0,6.0,0.0,-7.0,0.0,1
4664,1.0,2.0,3.0,3.0,0.0,4.0,5.0,0.0,0.0,0.0,4.0,0.0,0.0,0.0,6.0,6.0,0.0,7.0,8.0,0
4685,1.0,2.0,3.0,3.0,0.0,4.0,-5.0,0.0,0.0,0.0,4.0,0.0,0.0,0.0,0.0,6.0,0.0,5.0,6.0,1
4726,0.0,0.0,5.0,0.0,0.0,0.0,8.0,0.0,0.0,8.0,-5.0,0.0,0.0,7.0,0.0,8.0,0.0,0.0,0.0,0
4755,0.0,0.0,6.0,0.0,5.0,0.0,7.0,0.0,0.0,8.0,6.0,0.0,0.0,0.0,0.0,7.0,0.0,7.0,8.0,1
4770,0.0,0.0,-2.0,3.0,4.0,0.0,5.0,0.0,0.0,0.0,4.0,0.0,0.0,7.0,0.0,-7.0,0.0,5.0,6.0,1
4775,0.0,2.0,-5.0,3.0,0.0,3.0,0.0,0.0,0.0,0.0,6.0,0.0,0.0,0.0,4.0,0.0,0.0,0.0,0.0,0
4780,0.0,0.0,0.0,0.0,0.0,0.0,0.0,0.0,0.0,0.0,0.0,0.0,0.0,0.0,0.0,-8.0,0.0,0.0,8.0,0
4815,0.0,0.0,0.0,0.0,0.0,0.0,0.0,0.0,0.0,0.0,0.0,0.0,0.0,5.0,0.0,4.0,6.0,0.0,0.0,1
4827,0.0,0.0,4.0,0.0,0.0,0.0,7.0,0.0,0.0,8.0,0.0,0.0,0.0,0.0,0.0,7.0,0.0,7.0,8.0,1
4896,0.0,0.0,0.0,0.0,0.0,0.0,0.0,0.0,0.0,0.0,0.0,0.0,6.0,0.0,0.0,7.0,8.0,0.0,6.0,1
4933,0.0,5.0,5.0,5.0,0.0,6.0,7.0,0.0,0.0,0.0,6.0,0.0,0.0,0.0,0.0,0.0,0.0,7.0,8.0,0
4969,0.0,0.0,0.0,0.0,0.0,4.0,6.0,0.0,0.0,0.0,5.0,0.0,0.0,0.0,0.0,-7.0,0.0,-7.0,8.0,0
4982,0.0,0.0,0.0,0.0,0.0,0.0,0.0,0.0,0.0,0.0,0.0,0.0,0.0,0.0,0.0,0.0,0.0,0.0,0.0,0
5049,1.0,2.0,3.0,3.0,4.0,0.0,5.0,0.0,0.0,0.0,4.0,0.0,0.0,0.0,0.0,7.0,0.0,5.0,6.0,1
5083,1.0,2.0,3.0,0.0,5.0,0.0,0.0,0.0,0.0,0.0,4.0,0.0,0.0,0.0,0.0,6.0,0.0,0.0,0.0,1
5101,0.0,0.0,4.0,4.0,5.0,0.0,6.0,0.0,0.0,0.0,5.0,0.0,0.0,0.0,0.0,7.0,0.0,7.0,8.0,0
5127,0.0,0.0,8.0,0.0,0.0,0.0,0.0,0.0,0.0,0.0,8.0,0.0,0.0,0.0,0.0,0.0,0.0,0.0,0.0,0
5128,1.0,2.0,2.0,3.0,0.0,3.0,4.0,6.0,3.0,0.0,6.0,0.0,0.0,0.0,3.0,3.0,0.0,0.0,4.0,1
5132,0.0,0.0,1.0,-2.0,0.0,0.0,-3.0,0.0,3.0,4.0,2.0,0.0,0.0,5.0,0.0,3.0,0.0,0.0,0.0,1
5198,0.0,0.0,0.0,0.0,0.0,0.0,0.0,6.0,0.0,0.0,0.0,0.0,0.0,0.0,0.0,0.0,6.0,0.0,0.0,1
5206,2.0,0.0,3.0,3.0,4.0,0.0,6.0,0.0,0.0,0.0,4.0,0.0,0.0,7.0,0.0,7.0,0.0,5.0,6.0,1
5212,0.0,0.0,2.0,2.0,0.0,3.0,0.0,0.0,0.0,4.0,3.0,0.0,0.0,0.0,0.0,0.0,0.0,0.0,0.0,1
5247,0.0,0.0,0.0,0.0,0.0,4.0,5.0,0.0,0.0,0.0,4.0,0.0,0.0,0.0,0.0,7.0,0.0,5.0,6.0,1
5328,0.0,0.0,1.0,0.0,0.0,0.0,4.0,0.0,0.0,0.0,2.0,0.0,0.0,3.0,1.0,3.0,0.0,0.0,0.0,1
5340,0.0,1.0,2.0,2.0,0.0,3.0,5.0,6.0,0.0,4.0,4.0,4.0,0.0,0.0,0.0,0.0,0.0,0.0,0.0,0
5492,0.0,0.0,0.0,0.0,0.0,0.0,4.0,0.0,0.0,0.0,0.0,6.0,0.0,5.0,0.0,5.0,6.0,0.0,0.0,1
5528,2.0,3.0,4.0,4.0,5.0,0.0,6.0,0.0,0.0,0.0,5.0,0.0,0.0,0.0,0.0,8.0,0.0,7.0,8.0,0
5532,0.0,0.0,0.0,0.0,0.0,0.0,0.0,0.0,0.0,0.0,0.0,0.0,0.0,0.0,0.0,0.0,0.0,5.0,6.0,1
5535,2.0,-4.0,8.0,-5.0,0.0,6.0,0.0,0.0,0.0,0.0,8.0,0.0,0.0,0.0,0.0,0.0,0.0,0.0,0.0,0
5561,0.0,-3.0,-3.0,0.0,0.0,0.0,0.0,0.0,0.0,0.0,0.0,0.0,0.0,0.0,0.0,0.0,0.0,0.0,0.0,0
5575,0.0,2.0,3.0,3.0,7.0,0.0,0.0,0.0,0.0,0.0,7.0,0.0,0.0,0.0,0.0,8.0,0.0,0.0,8.0,0
5586,0.0,1.0,2.0,2.0,0.0,3.0,5.0,8.0,5.0,4.0,3.0,6.0,0.0,0.0,0.0,4.0,0.0,0.0,0.0,1
5589,-3.0,0.0,4.0,5.0,0.0,0.0,0.0,0.0,0.0,0.0,0.0,0.0,0.0,0.0,0.0,0.0,0.0,0.0,0.0,0
5609,0.0,0.0,0.0,0.0,0.0,0.0,0.0,0.0,0.0,0.0,0.0,0.0,0.0,0.0,0.0,0.0,0.0,0.0,0.0,0
5642,0.0,1.0,-5.0,-3.0,0.0,0.0,0.0,0.0,0.0,0.0,0.0,0.0,0.0,0.0,0.0,0.0,0.0,0.0,0.0,0
5678,0.0,0.0,1.0,0.0,0.0,1.0,3.0,4.0,5.0,0.0,2.0,2.0,0.0,0.0,2.0,3.0,4.0,0.0,0.0,1
5780,0.0,0.0,2.0,1.0,0.0,2.0,4.0,0.0,3.0,6.0,3.0,0.0,0.0,0.0,0.0,5.0,0.0,0.0,0.0,1
5785,0.0,1.0,2.0,2.0,0.0,3.0,5.0,6.0,7.0,0.0,3.0,6.0,8.0,0.0,0.0,0.0,0.0,5.0,6.0,1
5912,1.0,2.0,3.0,3.0,0.0,4.0,5.0,0.0,0.0,0.0,4.0,0.0,0.0,0.0,0.0,5.0,0.0,7.0,6.0,1
5937,0.0,0.0,0.0,0.0,0.0,0.0,-1.0,0.0,0.0,0.0,0.0,0.0,0.0,0.0,0.0,0.0,1.0,0.0,0.0,0
5954,0.0,0.0,1.0,0.0,0.0,0.0,0.0,0.0,0.0,0.0,2.0,0.0,0.0,0.0,0.0,0.0,0.0,0.0,0.0,0
5992,1.0,2.0,4.0,-3.0,0.0,6.0,0.0,0.0,0.0,0.0,6.0,0.0,0.0,0.0,0.0,0.0,0.0,7.0,8.0,0
6032,0.0,1.0,1.0,2.0,0.0,3.0,3.0,4.0,0.0,0.0,2.0,0.0,0.0,0.0,0.0,0.0,4.0,0.0,0.0,1
6050,0.0,0.0,0.0,0.0,0.0,4.0,4.0,6.0,0.0,0.0,0.0,6.0,4.0,5.0,0.0,0.0,4.0,0.0,0.0,1
6052,1.0,2.0,3.0,3.0,0.0,4.0,5.0,0.0,0.0,0.0,4.0,0.0,0.0,0.0,0.0,7.0,0.0,5.0,6.0,1
6057,1.0,3.0,4.0,4.0,0.0,5.0,6.0,0.0,0.0,0.0,-5.0,0.0,0.0,0.0,0.0,-8.0,0.0,7.0,8.0,0
6117,0.0,0.0,5.0,5.0,0.0,0.0,0.0,0.0,0.0,0.0,6.0,0.0,0.0,0.0,7.0,8.0,0.0,0.0,0.0,1
6173,1.0,6.0,0.0,0.0,0.0,0.0,0.0,0.0,0.0,0.0,0.0,0.0,0.0,0.0,0.0,0.0,0.0,0.0,0.0,0
6205,0.0,1.0,2.0,2.0,0.0,4.0,4.0,0.0,3.0,4.0,3.0,6.0,8.0,0.0,0.0,7.0,0.0,0.0,0.0,1
6291,-1.0,0.0,0.0,0.0,0.0,0.0,0.0,0.0,0.0,0.0,0.0,0.0,0.0,0.0,0.0,0.0,0.0,0.0,0.0,0
6296,1.0,2.0,0.0,0.0,0.0,0.0,0.0,0.0,0.0,0.0,0.0,0.0,0.0,0.0,0.0,0.0,0.0,0.0,0.0,0
6377,0.0,0.0,1.0,1.0,2.0,0.0,3.0,0.0,0.0,0.0,2.0,0.0,0.0,0.0,0.0,4.0,0.0,4.0,5.0,1
6378,0.0,0.0,3.0,0.0,0.0,3.0,5.0,0.0,5.0,4.0,4.0,4.0,0.0,0.0,0.0,5.0,0.0,0.0,0.0,1
6419,0.0,0.0,4.0,3.0,0.0,2.0,6.0,0.0,7.0,0.0,4.0,0.0,0.0,0.0,0.0,5.0,0.0,7.0,-8.0,1
6426,0.0,0.0,-3.0,2.0,0.0,-3.0,0.0,0.0,0.0,0.0,0.0,0.0,0.0,0.0,0.0,0.0,0.0,0.0,0.0,0
6456,0.0,0.0,1.0,0.0,0.0,1.0,3.0,0.0,0.0,0.0,2.0,2.0,0.0,0.0,2.0,3.0,6.0,0.0,0.0,1
6461,0.0,2.0,2.0,2.0,0.0,4.0,4.0,0.0,0.0,0.0,3.0,0.0,0.0,0.0,0.0,0.0,0.0,0.0,0.0,0
6507,0.0,0.0,3.0,3.0,4.0,0.0,0.0,0.0,0.0,0.0,5.0,0.0,0.0,0.0,0.0,5.0,0.0,0.0,0.0,1
6520,0.0,0.0,0.0,0.0,0.0,0.0,5.0,0.0,0.0,0.0,4.0,0.0,0.0,0.0,0.0,0.0,0.0,0.0,0.0,0
6527,1.0,2.0,4.0,3.0,0.0,4.0,0.0,0.0,0.0,0.0,6.0,0.0,0.0,0.0,0.0,-5.0,0.0,0.0,0.0,1
6555,0.0,0.0,0.0,-1.0,0.0,0.0,0.0,0.0,0.0,0.0,0.0,0.0,0.0,0.0,0.0,0.0,0.0,0.0,0.0,0
6560,1.0,2.0,3.0,5.0,0.0,4.0,-7.0,0.0,0.0,6.0,5.0,6.0,0.0,0.0,0.0,0.0,0.0,0.0,0.0,1
6573,1.0,2.0,3.0,3.0,0.0,3.0,-5.0,0.0,0.0,-4.0,-4.0,8.0,0.0,0.0,0.0,-5.0,0.0,-7.0,0.0,1
6640,0.0,4.0,3.0,0.0,5.0,0.0,5.0,0.0,5.0,6.0,-4.0,6.0,0.0,0.0,0.0,-7.0,-8.0,-7.0,0.0,1
6797,0.0,0.0,4.0,0.0,0.0,0.0,5.0,0.0,7.0,6.0,0.0,0.0,0.0,5.0,0.0,6.0,0.0,0.0,0.0,1
6902,0.0,0.0,0.0,0.0,0.0,3.0,5.0,0.0,0.0,0.0,4.0,0.0,6.0,0.0,5.0,5.0,6.0,0.0,0.0,1
6935,0.0,0.0,0.0,0.0,0.0,0.0,8.0,0.0,0.0,0.0,6.0,0.0,0.0,0.0,0.0,8.0,0.0,7.0,8.0,0
6961,0.0,0.0,2.0,1.0,0.0,2.0,3.0,4.0,5.0,0.0,2.0,0.0,0.0,0.0,4.0,3.0,4.0,5.0,0.0,1
7009,0.0,0.0,8.0,6.0,0.0,-7.0,0.0,0.0,0.0,0.0,7.0,0.0,0.0,0.0,0.0,0.0,0.0,0.0,0.0,0
7025,0.0,0.0,8.0,1.0,0.0,3.0,-3.0,0.0,0.0,0.0,2.0,0.0,2.0,0.0,5.0,3.0,0.0,0.0,0.0,0
7074,0.0,0.0,1.0,0.0,0.0,0.0,4.0,0.0,0.0,0.0,2.0,2.0,4.0,0.0,0.0,3.0,4.0,0.0,0.0,1
7093,0.0,0.0,3.0,3.0,0.0,4.0,0.0,0.0,0.0,0.0,4.0,0.0,0.0,7.0,0.0,5.0,0.0,0.0,0.0,1
7116,0.0,0.0,0.0,0.0,0.0,0.0,6.0,0.0,7.0,8.0,0.0,0.0,0.0,7.0,0.0,8.0,0.0,7.0,8.0,1
7162,0.0,0.0,0.0,0.0,0.0,0.0,4.0,0.0,0.0,5.0,3.0,0.0,0.0,0.0,6.0,4.0,5.0,4.0,5.0,1
7206,2.0,0.0,0.0,0.0,0.0,0.0,0.0,0.0,0.0,0.0,0.0,0.0,0.0,0.0,0.0,0.0,0.0,0.0,0.0,0
7232,-3.0,8.0,0.0,0.0,0.0,0.0,0.0,0.0,0.0,0.0,0.0,0.0,0.0,0.0,0.0,0.0,0.0,0.0,0.0,0
7241,0.0,0.0,6.0,0.0,0.0,0.0,8.0,0.0,0.0,0.0,7.0,0.0,6.0,0.0,0.0,0.0,0.0,0.0,0.0,0
7255,0.0,0.0,0.0,0.0,0.0,0.0,0.0,0.0,0.0,0.0,0.0,0.0,0.0,0.0,0.0,7.0,0.0,0.0,6.0,1
7257,0.0,0.0,0.0,0.0,0.0,0.0,7.0,0.0,0.0,0.0,0.0,0.0,0.0,0.0,0.0,7.0,0.0,0.0,0.0,1
7334,0.0,0.0,2.0,1.0,0.0,2.0,4.0,0.0,3.0,4.0,3.0,0.0,0.0,5.0,0.0,0.0,0.0,0.0,0.0,1
7354,0.0,1.0,3.0,2.0,0.0,3.0,5.0,8.0,0.0,0.0,4.0,0.0,8.0,0.0,7.0,4.0,0.0,0.0,0.0,0
7357,0.0,0.0,0.0,0.0,0.0,0.0,7.0,5.0,0.0,0.0,7.0,-5.0,0.0,0.0,0.0,0.0,0.0,0.0,0.0,1
7373,0.0,0.0,4.0,0.0,0.0,0.0,5.0,0.0,0.0,0.0,4.0,0.0,0.0,0.0,0.0,0.0,0.0,7.0,8.0,0
7391,0.0,0.0,0.0,0.0,0.0,0.0,8.0,0.0,0.0,0.0,0.0,0.0,0.0,0.0,0.0,0.0,0.0,0.0,0.0,0
7532,0.0,0.0,0.0,0.0,0.0,0.0,5.0,0.0,0.0,0.0,0.0,0.0,5.0,0.0,0.0,6.0,0.0,0.0,5.0,1
7625,0.0,2.0,3.0,-3.0,0.0,0.0,0.0,0.0,0.0,0.0,0.0,0.0,0.0,0.0,0.0,0.0,0.0,0.0,0.0,0
7664,0.0,1.0,3.0,2.0,0.0,3.0,0.0,0.0,0.0,6.0,-4.0,0.0,0.0,5.0,0.0,0.0,0.0,0.0,0.0,1
7670,0.0,1.0,3.0,2.0,0.0,3.0,4.0,0.0,0.0,0.0,5.0,0.0,0.0,0.0,4.0,5.0,6.0,0.0,0.0,0
7760,0.0,0.0,0.0,3.0,0.0,5.0,6.0,0.0,0.0,0.0,4.0,0.0,0.0,0.0,0.0,-7.0,8.0,0.0,0.0,0
7768,0.0,0.0,6.0,0.0,0.0,0.0,-7.0,0.0,0.0,0.0,6.0,0.0,0.0,0.0,0.0,7.0,0.0,7.0,8.0,1
7785,0.0,0.0,7.0,0.0,0.0,0.0,0.0,0.0,0.0,0.0,8.0,0.0,0.0,0.0,0.0,0.0,0.0,0.0,0.0,0
7788,0.0,0.0,3.0,1.0,0.0,2.0,5.0,0.0,0.0,0.0,3.0,0.0,0.0,7.0,7.0,5.0,8.0,7.0,0.0,1
7810,0.0,1.0,2.0,2.0,0.0,3.0,4.0,0.0,0.0,0.0,3.0,0.0,0.0,0.0,0.0,7.0,0.0,5.0,6.0,1
7819,0.0,0.0,0.0,0.0,0.0,0.0,5.0,0.0,0.0,0.0,4.0,0.0,6.0,0.0,0.0,-5.0,0.0,5.0,6.0,1
7827,0.0,0.0,4.0,6.0,0.0,4.0,7.0,0.0,7.0,0.0,5.0,0.0,0.0,0.0,0.0,8.0,0.0,5.0,8.0,1
7829,0.0,0.0,6.0,6.0,0.0,-6.0,0.0,0.0,0.0,0.0,-7.0,0.0,0.0,0.0,0.0,7.0,0.0,-7.0,0.0,0
7837,0.0,0.0,0.0,0.0,0.0,0.0,1.0,2.0,0.0,0.0,0.0,0.0,0.0,0.0,0.0,0.0,0.0,3.0,0.0,1
7850,0.0,1.0,2.0,2.0,0.0,4.0,0.0,0.0,0.0,-6.0,4.0,0.0,0.0,0.0,0.0,0.0,0.0,5.0,0.0,1
7853,0.0,0.0,0.0,0.0,0.0,0.0,0.0,0.0,0.0,0.0,0.0,0.0,0.0,0.0,0.0,0.0,8.0,0.0,0.0,1
7882,0.0,0.0,0.0,0.0,0.0,0.0,0.0,0.0,0.0,0.0,0.0,6.0,0.0,0.0,0.0,8.0,0.0,0.0,6.0,1
7904,0.0,0.0,4.0,0.0,0.0,0.0,0.0,0.0,7.0,0.0,5.0,0.0,0.0,0.0,0.0,-6.0,0.0,0.0,0.0,1
7923,0.0,0.0,1.0,0.0,0.0,1.0,3.0,0.0,0.0,0.0,2.0,0.0,2.0,0.0,0.0,4.0,0.0,3.0,4.0,1
7926,0.0,0.0,2.0,1.0,0.0,2.0,4.0,0.0,7.0,8.0,3.0,0.0,0.0,0.0,0.0,5.0,0.0,0.0,0.0,1
8027,0.0,0.0,0.0,3.0,4.0,0.0,0.0,0.0,0.0,0.0,0.0,0.0,0.0,0.0,0.0,0.0,0.0,0.0,0.0,0
8084,2.0,3.0,4.0,4.0,0.0,5.0,7.0,0.0,7.0,-6.0,5.0,0.0,6.0,0.0,7.0,7.0,0.0,5.0,0.0,1
8104,0.0,0.0,4.0,5.0,0.0,5.0,6.0,0.0,0.0,0.0,5.0,0.0,0.0,0.0,0.0,-7.0,0.0,7.0,8.0,1
8108,0.0,1.0,8.0,2.0,0.0,3.0,4.0,0.0,0.0,4.0,3.0,0.0,0.0,0.0,0.0,5.0,0.0,5.0,6.0,1
8132,0.0,0.0,0.0,0.0,0.0,4.0,5.0,0.0,5.0,0.0,4.0,0.0,0.0,7.0,0.0,5.0,6.0,5.0,0.0,1
8142,0.0,1.0,3.0,2.0,0.0,3.0,5.0,0.0,0.0,0.0,4.0,0.0,0.0,0.0,0.0,7.0,0.0,5.0,6.0,1
8146,0.0,-3.0,0.0,0.0,0.0,0.0,0.0,0.0,0.0,0.0,0.0,0.0,0.0,0.0,0.0,0.0,0.0,0.0,0.0,0
8169,0.0,0.0,0.0,0.0,0.0,2.0,0.0,0.0,0.0,0.0,4.0,0.0,0.0,7.0,0.0,8.0,0.0,0.0,0.0,1
8190,0.0,1.0,2.0,2.0,2.0,0.0,5.0,0.0,0.0,0.0,3.0,0.0,0.0,4.0,3.0,5.0,0.0,4.0,0.0,1
8211,0.0,0.0,1.0,1.0,0.0,2.0,-6.0,0.0,0.0,0.0,4.0,0.0,0.0,0.0,0.0,7.0,0.0,6.0,5.0,0
8251,0.0,1.0,2.0,2.0,0.0,3.0,6.0,0.0,0.0,0.0,4.0,8.0,4.0,0.0,0.0,5.0,0.0,5.0,6.0,1
8273,0.0,0.0,7.0,0.0,0.0,7.0,0.0,0.0,0.0,0.0,-8.0,0.0,0.0,0.0,0.0,0.0,0.0,0.0,-8.0,0
8290,0.0,2.0,3.0,3.0,0.0,4.0,5.0,0.0,0.0,0.0,4.0,0.0,0.0,0.0,0.0,6.0,0.0,5.0,6.0,1
8293,0.0,3.0,4.0,4.0,5.0,0.0,6.0,0.0,0.0,0.0,5.0,0.0,0.0,0.0,0.0,0.0,0.0,0.0,0.0,0
8313,1.0,2.0,6.0,4.0,0.0,4.0,5.0,7.0,0.0,5.0,4.0,0.0,0.0,6.0,0.0,7.0,0.0,6.0,0.0,1
8322,0.0,0.0,0.0,0.0,0.0,0.0,0.0,0.0,0.0,6.0,0.0,0.0,6.0,0.0,4.0,0.0,4.0,0.0,0.0,1
8342,0.0,0.0,0.0,0.0,0.0,0.0,0.0,0.0,0.0,0.0,0.0,0.0,0.0,0.0,0.0,0.0,0.0,0.0,0.0,0
8418,0.0,0.0,-7.0,5.0,0.0,6.0,8.0,0.0,0.0,0.0,6.0,0.0,-8.0,7.0,0.0,0.0,0.0,0.0,0.0,0
8426,0.0,0.0,4.0,0.0,4.0,0.0,0.0,0.0,0.0,0.0,6.0,0.0,0.0,5.0,0.0,5.0,6.0,0.0,0.0,1
8430,0.0,0.0,7.0,0.0,0.0,0.0,0.0,0.0,0.0,0.0,0.0,0.0,0.0,0.0,0.0,0.0,0.0,0.0,0.0,0
8439,0.0,0.0,2.0,1.0,3.0,0.0,4.0,0.0,0.0,4.0,3.0,0.0,6.0,5.0,0.0,5.0,0.0,0.0,0.0,1
8449,0.0,0.0,1.0,-1.0,3.0,0.0,0.0,0.0,0.0,0.0,0.0,0.0,0.0,0.0,0.0,0.0,0.0,0.0,0.0,0
8473,1.0,2.0,3.0,3.0,0.0,4.0,-7.0,0.0,0.0,0.0,4.0,0.0,0.0,0.0,0.0,7.0,0.0,5.0,6.0,1
8482,0.0,0.0,0.0,0.0,6.0,0.0,-7.0,0.0,0.0,0.0,0.0,0.0,0.0,0.0,7.0,-6.0,0.0,-7.0,-8.0,1
8497,0.0,4.0,4.0,0.0,7.0,0.0,-6.0,0.0,0.0,0.0,6.0,0.0,0.0,0.0,0.0,-8.0,0.0,-7.0,-8.0,0
8518,1.0,2.0,3.0,3.0,0.0,3.0,5.0,6.0,0.0,8.0,7.0,0.0,0.0,5.0,0.0,8.0,0.0,5.0,0.0,0
8529,0.0,1.0,2.0,2.0,0.0,3.0,5.0,0.0,0.0,0.0,3.0,0.0,0.0,0.0,0.0,4.0,0.0,3.0,4.0,1
8551,0.0,0.0,3.0,0.0,0.0,2.0,0.0,0.0,0.0,0.0,-3.0,0.0,0.0,0.0,0.0,0.0,0.0,0.0,0.0,0
8594,0.0,1.0,3.0,3.0,5.0,0.0,0.0,0.0,0.0,0.0,4.0,0.0,0.0,5.0,0.0,-5.0,0.0,0.0,0.0,1
8661,0.0,0.0,0.0,0.0,0.0,0.0,0.0,0.0,0.0,0.0,0.0,0.0,0.0,0.0,0.0,0.0,6.0,0.0,0.0,1
8692,1.0,2.0,3.0,3.0,4.0,0.0,7.0,0.0,0.0,0.0,4.0,0.0,0.0,0.0,0.0,7.0,0.0,5.0,6.0,1
8729,0.0,1.0,5.0,0.0,0.0,0.0,8.0,0.0,0.0,0.0,6.0,0.0,0.0,0.0,8.0,8.0,0.0,7.0,8.0,1
8739,0.0,1.0,2.0,2.0,0.0,3.0,4.0,0.0,0.0,0.0,3.0,0.0,0.0,0.0,0.0,5.0,6.0,0.0,0.0,1
8873,1.0,0.0,0.0,0.0,0.0,0.0,0.0,0.0,0.0,0.0,0.0,0.0,0.0,0.0,0.0,0.0,0.0,0.0,0.0,0
8878,8.0,0.0,-2.0,0.0,0.0,1.0,0.0,0.0,0.0,0.0,5.0,0.0,0.0,-4.0,0.0,-6.0,-7.0,0.0,0.0,1
8909,0.0,0.0,0.0,0.0,0.0,0.0,0.0,0.0,0.0,0.0,0.0,0.0,0.0,0.0,0.0,0.0,0.0,0.0,8.0,0
8928,0.0,3.0,4.0,4.0,5.0,0.0,7.0,0.0,7.0,0.0,5.0,0.0,0.0,0.0,0.0,-8.0,0.0,7.0,8.0,1
8971,0.0,0.0,2.0,0.0,0.0,0.0,4.0,0.0,4.0,0.0,3.0,0.0,0.0,0.0,0.0,4.0,0.0,4.0,5.0,1
8983,0.0,0.0,0.0,0.0,0.0,0.0,0.0,0.0,0.0,0.0,0.0,0.0,0.0,0.0,0.0,7.0,0.0,0.0,6.0,1
9016,0.0,0.0,0.0,0.0,0.0,0.0,0.0,6.0,0.0,0.0,0.0,6.0,6.0,0.0,0.0,0.0,6.0,0.0,0.0,1
9031,0.0,0.0,2.0,2.0,3.0,0.0,4.0,0.0,0.0,0.0,3.0,6.0,0.0,0.0,0.0,-5.0,0.0,5.0,6.0,1
9038,0.0,1.0,2.0,2.0,4.0,0.0,0.0,0.0,0.0,0.0,3.0,0.0,0.0,0.0,0.0,4.0,0.0,0.0,0.0,1
9064,0.0,1.0,2.0,2.0,0.0,3.0,4.0,6.0,3.0,4.0,3.0,6.0,8.0,0.0,7.0,5.0,0.0,0.0,0.0,1
9080,0.0,0.0,5.0,4.0,0.0,3.0,-7.0,0.0,0.0,0.0,5.0,0.0,0.0,0.0,5.0,-7.0,0.0,-7.0,0.0,0
9088,0.0,2.0,3.0,3.0,0.0,0.0,0.0,0.0,0.0,0.0,4.0,0.0,0.0,0.0,0.0,0.0,0.0,0.0,0.0,0
9160,0.0,-4.0,4.0,5.0,6.0,0.0,-7.0,0.0,0.0,0.0,-6.0,0.0,0.0,0.0,0.0,-8.0,0.0,7.0,8.0,0
9318,0.0,3.0,6.0,7.0,1.0,0.0,0.0,0.0,0.0,0.0,7.0,0.0,0.0,0.0,0.0,0.0,0.0,0.0,8.0,0
9334,0.0,0.0,1.0,0.0,0.0,0.0,3.0,4.0,0.0,6.0,2.0,4.0,0.0,0.0,5.0,5.0,6.0,0.0,0.0,1
9341,0.0,0.0,-3.0,0.0,3.0,0.0,4.0,0.0,0.0,0.0,3.0,0.0,5.0,0.0,0.0,6.0,0.0,4.0,5.0,1
9355,0.0,1.0,3.0,2.0,0.0,0.0,0.0,0.0,0.0,0.0,0.0,0.0,0.0,0.0,0.0,0.0,0.0,0.0,0.0,0
9364,0.0,2.0,3.0,3.0,0.0,5.0,5.0,0.0,7.0,4.0,4.0,0.0,0.0,0.0,7.0,0.0,0.0,0.0,0.0,1
9378,1.0,2.0,2.0,3.0,0.0,0.0,0.0,0.0,0.0,0.0,0.0,0.0,0.0,0.0,0.0,0.0,0.0,0.0,0.0,0
9385,1.0,-2.0,5.0,3.0,0.0,5.0,7.0,0.0,0.0,0.0,4.0,0.0,0.0,0.0,8.0,6.0,0.0,5.0,-8.0,1
9417,1.0,2.0,0.0,3.0,0.0,3.0,-5.0,0.0,5.0,4.0,4.0,0.0,0.0,0.0,0.0,6.0,0.0,0.0,0.0,1
9421,0.0,0.0,1.0,0.0,0.0,1.0,-4.0,0.0,0.0,0.0,-6.0,0.0,0.0,0.0,-2.0,-3.0,0.0,0.0,0.0,1
9439,2.0,3.0,5.0,4.0,5.0,0.0,7.0,0.0,0.0,8.0,6.0,0.0,0.0,0.0,0.0,0.0,0.0,0.0,0.0,0
9440,1.0,2.0,3.0,3.0,0.0,4.0,5.0,0.0,0.0,0.0,4.0,0.0,0.0,5.0,0.0,7.0,0.0,0.0,0.0,1
9446,0.0,0.0,2.0,2.0,3.0,0.0,7.0,0.0,0.0,0.0,3.0,0.0,0.0,0.0,0.0,4.0,0.0,5.0,6.0,1
9451,5.0,0.0,5.0,4.0,0.0,0.0,7.0,0.0,0.0,0.0,-6.0,6.0,8.0,7.0,8.0,0.0,0.0,0.0,0.0,0
9461,0.0,1.0,3.0,2.0,3.0,0.0,0.0,0.0,0.0,0.0,4.0,0.0,0.0,7.0,0.0,7.0,0.0,0.0,0.0,1
9494,0.0,1.0,2.0,2.0,6.0,0.0,6.0,0.0,0.0,0.0,3.0,0.0,0.0,5.0,0.0,-5.0,0.0,3.0,4.0,1
9498,0.0,0.0,5.0,0.0,0.0,4.0,7.0,0.0,0.0,-8.0,6.0,8.0,0.0,0.0,0.0,7.0,0.0,0.0,0.0,0
9548,1.0,2.0,3.0,3.0,4.0,0.0,5.0,0.0,0.0,0.0,4.0,0.0,0.0,0.0,0.0,7.0,0.0,5.0,6.0,1
9574,0.0,0.0,2.0,1.0,0.0,2.0,3.0,0.0,0.0,0.0,2.0,0.0,0.0,0.0,0.0,5.0,0.0,5.0,4.0,1
9610,0.0,1.0,2.0,2.0,0.0,2.0,4.0,0.0,0.0,0.0,3.0,0.0,0.0,0.0,0.0,5.0,0.0,5.0,4.0,1
9655,0.0,0.0,0.0,0.0,0.0,0.0,0.0,0.0,0.0,0.0,0.0,0.0,0.0,5.0,0.0,5.0,6.0,0.0,0.0,1
9667,0.0,0.0,0.0,0.0,0.0,0.0,6.0,0.0,0.0,0.0,0.0,0.0,0.0,0.0,0.0,0.0,0.0,0.0,0.0,0
9686,1.0,2.0,6.0,3.0,0.0,3.0,5.0,7.0,0.0,5.0,4.0,0.0,0.0,6.0,0.0,4.0,0.0,6.0,0.0,1
9736,0.0,0.0,4.0,4.0,0.0,5.0,7.0,0.0,0.0,0.0,5.0,0.0,0.0,0.0,0.0,7.0,0.0,5.0,6.0,0
9767,0.0,2.0,2.0,3.0,0.0,0.0,5.0,6.0,7.0,8.0,3.0,6.0,8.0,0.0,0.0,7.0,0.0,0.0,0.0,1
9803,1.0,2.0,2.0,3.0,0.0,3.0,0.0,0.0,0.0,0.0,4.0,0.0,0.0,0.0,0.0,5.0,0.0,0.0,0.0,1
9819,1.0,2.0,3.0,3.0,0.0,3.0,-8.0,0.0,0.0,-8.0,4.0,0.0,0.0,0.0,0.0,-7.0,0.0,0.0,0.0,1
9888,0.0,0.0,2.0,1.0,0.0,0.0,3.0,4.0,0.0,6.0,0.0,4.0,0.0,0.0,0.0,5.0,0.0,0.0,0.0,1
10052,0.0,0.0,0.0,0.0,0.0,0.0,4.0,0.0,0.0,0.0,0.0,0.0,0.0,0.0,0.0,5.0,0.0,0.0,6.0,1
10057,0.0,0.0,7.0,0.0,0.0,0.0,0.0,0.0,0.0,0.0,0.0,0.0,0.0,0.0,0.0,0.0,0.0,0.0,0.0,0
10080,0.0,0.0,2.0,0.0,0.0,1.0,3.0,4.0,0.0,4.0,0.0,0.0,0.0,0.0,0.0,3.0,4.0,0.0,0.0,1
10137,0.0,1.0,2.0,2.0,0.0,3.0,5.0,6.0,0.0,0.0,3.0,6.0,0.0,0.0,0.0,0.0,0.0,0.0,0.0,1
10145,0.0,0.0,0.0,0.0,0.0,0.0,2.0,0.0,3.0,0.0,2.0,0.0,0.0,3.0,0.0,-1.0,2.0,0.0,0.0,1
10163,1.0,2.0,3.0,3.0,0.0,-4.0,5.0,0.0,0.0,0.0,4.0,0.0,0.0,7.0,0.0,-5.0,0.0,0.0,0.0,1
10191,0.0,5.0,1.0,6.0,0.0,1.0,2.0,4.0,0.0,0.0,2.0,6.0,0.0,0.0,0.0,3.0,4.0,0.0,0.0,1
10302,0.0,0.0,0.0,0.0,0.0,0.0,1.0,0.0,1.0,2.0,0.0,0.0,0.0,0.0,0.0,1.0,0.0,0.0,0.0,1
10316,1.0,3.0,5.0,5.0,0.0,6.0,8.0,0.0,0.0,0.0,6.0,0.0,0.0,0.0,0.0,8.0,0.0,7.0,8.0,0
10372,0.0,0.0,2.0,3.0,5.0,0.0,6.0,0.0,0.0,0.0,3.0,0.0,0.0,0.0,0.0,7.0,0.0,5.0,6.0,1
10411,0.0,0.0,0.0,0.0,0.0,0.0,0.0,0.0,0.0,0.0,0.0,0.0,0.0,0.0,0.0,0.0,0.0,0.0,0.0,0
10455,0.0,1.0,4.0,2.0,0.0,3.0,7.0,0.0,0.0,6.0,6.0,0.0,0.0,0.0,4.0,5.0,0.0,7.0,8.0,1
10484,0.0,3.0,0.0,2.0,0.0,3.0,0.0,0.0,0.0,0.0,0.0,0.0,0.0,0.0,0.0,0.0,0.0,0.0,0.0,0
10488,2.0,0.0,3.0,3.0,0.0,3.0,4.0,0.0,7.0,4.0,4.0,0.0,0.0,0.0,0.0,6.0,0.0,0.0,0.0,1
10501,0.0,0.0,8.0,0.0,0.0,0.0,0.0,0.0,0.0,0.0,-8.0,0.0,0.0,8.0,0.0,-8.0,0.0,0.0,0.0,0
10518,1.0,2.0,0.0,0.0,0.0,0.0,0.0,0.0,0.0,0.0,0.0,0.0,0.0,0.0,0.0,0.0,0.0,0.0,0.0,0
10586,0.0,0.0,0.0,6.0,7.0,0.0,0.0,0.0,0.0,0.0,6.0,0.0,0.0,5.0,0.0,5.0,6.0,0.0,0.0,0
10600,0.0,0.0,0.0,0.0,0.0,0.0,0.0,0.0,0.0,0.0,6.0,0.0,0.0,0.0,0.0,0.0,0.0,-7.0,0.0,0
10612,0.0,0.0,5.0,0.0,0.0,0.0,7.0,0.0,0.0,0.0,6.0,0.0,0.0,0.0,0.0,7.0,0.0,7.0,8.0,0
10640,0.0,0.0,0.0,0.0,0.0,0.0,0.0,0.0,0.0,0.0,0.0,0.0,0.0,0.0,0.0,7.0,0.0,0.0,6.0,1
10656,0.0,1.0,2.0,2.0,5.0,0.0,3.0,4.0,0.0,0.0,2.0,4.0,0.0,0.0,0.0,0.0,0.0,0.0,0.0,1
10691,1.0,2.0,6.0,0.0,0.0,0.0,0.0,0.0,0.0,0.0,7.0,0.0,0.0,0.0,0.0,8.0,0.0,-7.0,8.0,0
10710,0.0,2.0,3.0,3.0,3.0,0.0,0.0,0.0,0.0,0.0,5.0,0.0,0.0,7.0,0.0,4.0,0.0,0.0,0.0,1
10711,7.0,0.0,0.0,0.0,0.0,0.0,0.0,0.0,0.0,0.0,0.0,0.0,0.0,0.0,0.0,7.0,8.0,0.0,0.0,0
10729,0.0,0.0,4.0,0.0,0.0,0.0,7.0,0.0,0.0,0.0,5.0,6.0,4.0,0.0,0.0,5.0,6.0,0.0,0.0,1
10733,0.0,0.0,4.0,0.0,3.0,0.0,5.0,-8.0,7.0,0.0,4.0,0.0,0.0,0.0,0.0,7.0,0.0,0.0,0.0,1
10751,0.0,0.0,1.0,0.0,0.0,0.0,0.0,0.0,0.0,0.0,4.0,0.0,0.0,1.0,0.0,3.0,0.0,0.0,0.0,1
10755,0.0,0.0,0.0,0.0,0.0,0.0,0.0,0.0,0.0,0.0,0.0,0.0,0.0,0.0,0.0,0.0,0.0,0.0,0.0,0
10762,0.0,1.0,2.0,2.0,0.0,3.0,4.0,0.0,5.0,6.0,3.0,0.0,0.0,0.0,0.0,7.0,0.0,0.0,0.0,1
10765,0.0,0.0,2.0,1.0,0.0,2.0,5.0,0.0,0.0,8.0,3.0,0.0,0.0,5.0,0.0,6.0,0.0,0.0,0.0,1
10815,0.0,0.0,0.0,0.0,0.0,0.0,0.0,0.0,0.0,0.0,0.0,0.0,0.0,0.0,0.0,7.0,0.0,0.0,6.0,1
10841,0.0,0.0,1.0,0.0,2.0,0.0,2.0,0.0,0.0,0.0,1.0,0.0,0.0,0.0,0.0,3.0,0.0,1.0,2.0,1
10844,1.0,2.0,4.0,3.0,0.0,5.0,0.0,0.0,0.0,0.0,6.0,0.0,0.0,7.0,0.0,7.0,0.0,0.0,0.0,1
10858,0.0,0.0,2.0,1.0,0.0,3.0,0.0,0.0,7.0,0.0,3.0,4.0,0.0,0.0,0.0,5.0,0.0,0.0,0.0,1
10877,0.0,0.0,1.0,1.0,0.0,3.0,4.0,0.0,0.0,0.0,2.0,0.0,0.0,5.0,0.0,5.0,-6.0,0.0,0.0,1
10900,0.0,0.0,-4.0,3.0,0.0,4.0,6.0,0.0,5.0,6.0,-4.0,0.0,0.0,0.0,0.0,-7.0,0.0,7.0,8.0,0
10907,1.0,0.0,3.0,3.0,0.0,3.0,5.0,0.0,0.0,4.0,0.0,0.0,6.0,0.0,0.0,4.0,0.0,0.0,0.0,0
10937,0.0,1.0,4.0,2.0,0.0,3.0,0.0,0.0,0.0,0.0,-3.0,4.0,0.0,0.0,0.0,0.0,0.0,0.0,0.0,0
10943,0.0,0.0,1.0,1.0,0.0,2.0,3.0,0.0,2.0,5.0,2.0,3.0,3.0,0.0,4.0,2.0,0.0,0.0,0.0,1
11027,0.0,0.0,1.0,0.0,0.0,0.0,2.0,0.0,0.0,0.0,1.0,0.0,1.0,0.0,3.0,2.0,0.0,0.0,0.0,1
11039,0.0,0.0,4.0,3.0,0.0,5.0,7.0,0.0,0.0,0.0,6.0,8.0,0.0,0.0,0.0,7.0,0.0,5.0,6.0,1
11071,0.0,0.0,6.0,0.0,0.0,0.0,7.0,0.0,0.0,8.0,7.0,6.0,0.0,7.0,6.0,7.0,0.0,0.0,0.0,1
11072,4.0,6.0,5.0,7.0,0.0,7.0,0.0,0.0,0.0,0.0,7.0,0.0,0.0,0.0,0.0,0.0,0.0,0.0,8.0,0
11077,1.0,2.0,3.0,3.0,4.0,0.0,5.0,0.0,0.0,0.0,4.0,0.0,0.0,0.0,0.0,7.0,0.0,5.0,6.0,1
11079,0.0,0.0,0.0,0.0,0.0,0.0,0.0,6.0,7.0,0.0,0.0,0.0,0.0,0.0,0.0,7.0,0.0,0.0,0.0,1
11093,0.0,0.0,7.0,7.0,0.0,0.0,0.0,0.0,0.0,0.0,0.0,0.0,0.0,0.0,0.0,-8.0,0.0,0.0,0.0,0
11122,0.0,3.0,4.0,0.0,0.0,0.0,0.0,0.0,0.0,0.0,0.0,0.0,0.0,0.0,0.0,0.0,0.0,0.0,0.0,0
11143,2.0,3.0,5.0,5.0,4.0,0.0,6.0,0.0,0.0,0.0,4.0,0.0,0.0,0.0,0.0,8.0,0.0,7.0,8.0,0
11145,2.0,3.0,4.0,4.0,7.0,0.0,6.0,0.0,0.0,0.0,-5.0,0.0,0.0,7.0,0.0,7.0,0.0,7.0,8.0,1
11161,0.0,0.0,0.0,0.0,0.0,0.0,0.0,0.0,0.0,8.0,0.0,0.0,0.0,0.0,0.0,0.0,0.0,0.0,0.0,1
11176,0.0,0.0,3.0,3.0,0.0,4.0,5.0,0.0,0.0,0.0,4.0,0.0,0.0,0.0,0.0,7.0,0.0,5.0,6.0,1
11180,0.0,-4.0,4.0,-5.0,0.0,-5.0,0.0,0.0,0.0,0.0,0.0,0.0,0.0,0.0,0.0,0.0,0.0,0.0,0.0,0
11186,0.0,0.0,0.0,0.0,0.0,-6.0,0.0,0.0,0.0,0.0,7.0,0.0,0.0,0.0,0.0,-7.0,0.0,0.0,0.0,0
11188,0.0,0.0,3.0,2.0,0.0,3.0,5.0,-6.0,5.0,4.0,4.0,0.0,0.0,0.0,0.0,6.0,0.0,0.0,0.0,1
11198,1.0,2.0,2.0,2.0,0.0,2.0,0.0,0.0,0.0,0.0,0.0,0.0,0.0,0.0,0.0,0.0,0.0,0.0,0.0,0
11240,1.0,-2.0,2.0,6.0,0.0,-4.0,0.0,0.0,0.0,0.0,4.0,0.0,0.0,0.0,0.0,0.0,0.0,0.0,0.0,0
11275,0.0,0.0,0.0,0.0,0.0,0.0,8.0,0.0,0.0,0.0,0.0,0.0,0.0,0.0,0.0,0.0,0.0,0.0,8.0,0
11375,0.0,0.0,4.0,1.0,0.0,0.0,-7.0,0.0,5.0,0.0,5.0,0.0,6.0,-7.0,0.0,0.0,0.0,0.0,0.0,1
11400,0.0,0.0,-3.0,0.0,3.0,0.0,0.0,0.0,0.0,0.0,0.0,0.0,0.0,0.0,0.0,0.0,0.0,0.0,0.0,0
11407,0.0,4.0,5.0,6.0,5.0,0.0,0.0,0.0,0.0,0.0,6.0,0.0,0.0,0.0,0.0,8.0,0.0,7.0,8.0,0
11415,0.0,0.0,0.0,0.0,0.0,0.0,7.0,0.0,0.0,0.0,6.0,0.0,0.0,0.0,0.0,0.0,0.0,7.0,8.0,0
11467,0.0,0.0,0.0,0.0,0.0,0.0,1.0,0.0,0.0,0.0,2.0,0.0,0.0,0.0,0.0,0.0,0.0,0.0,0.0,0
11470,0.0,0.0,3.0,1.0,0.0,2.0,8.0,0.0,5.0,0.0,3.0,0.0,0.0,0.0,0.0,7.0,0.0,0.0,0.0,1
11477,0.0,2.0,3.0,3.0,0.0,4.0,5.0,0.0,0.0,0.0,4.0,0.0,0.0,0.0,0.0,7.0,0.0,5.0,6.0,1
11507,0.0,0.0,1.0,1.0,2.0,0.0,2.0,0.0,3.0,2.0,1.0,0.0,0.0,3.0,0.0,2.0,0.0,0.0,0.0,1
11509,0.0,3.0,5.0,3.0,0.0,-4.0,7.0,8.0,0.0,0.0,6.0,8.0,0.0,0.0,0.0,7.0,8.0,0.0,0.0,0
11596,0.0,1.0,3.0,2.0,0.0,0.0,0.0,0.0,0.0,0.0,4.0,0.0,0.0,0.0,0.0,7.0,0.0,0.0,0.0,1
11640,1.0,2.0,3.0,3.0,0.0,4.0,-6.0,0.0,7.0,0.0,-4.0,0.0,0.0,0.0,0.0,5.0,0.0,5.0,6.0,1
11716,1.0,0.0,0.0,0.0,0.0,0.0,0.0,0.0,0.0,0.0,0.0,0.0,0.0,0.0,0.0,0.0,0.0,0.0,0.0,0
11778,0.0,0.0,3.0,1.0,4.0,0.0,4.0,0.0,0.0,0.0,3.0,0.0,0.0,0.0,0.0,5.0,0.0,5.0,6.0,1
11793,0.0,0.0,0.0,0.0,0.0,0.0,6.0,0.0,0.0,0.0,0.0,0.0,8.0,7.0,0.0,7.0,0.0,7.0,0.0,1
11826,0.0,2.0,3.0,3.0,0.0,4.0,-6.0,0.0,7.0,8.0,4.0,0.0,0.0,0.0,0.0,6.0,8.0,7.0,0.0,1
11845,0.0,7.0,8.0,8.0,0.0,0.0,0.0,0.0,0.0,0.0,8.0,0.0,0.0,0.0,0.0,0.0,0.0,0.0,0.0,0
11863,1.0,2.0,3.0,3.0,0.0,0.0,0.0,0.0,0.0,0.0,0.0,0.0,0.0,0.0,0.0,0.0,0.0,0.0,0.0,0
11892,0.0,0.0,3.0,0.0,0.0,0.0,5.0,0.0,0.0,0.0,4.0,0.0,0.0,0.0,0.0,-7.0,0.0,5.0,6.0,1
11907,1.0,2.0,3.0,3.0,0.0,4.0,5.0,0.0,0.0,0.0,4.0,0.0,0.0,0.0,0.0,6.0,0.0,5.0,4.0,1
11908,2.0,0.0,0.0,0.0,0.0,0.0,0.0,0.0,0.0,0.0,0.0,0.0,0.0,0.0,0.0,0.0,0.0,0.0,0.0,0
11910,1.0,2.0,2.0,3.0,0.0,4.0,4.0,0.0,0.0,0.0,3.0,0.0,0.0,0.0,0.0,4.0,0.0,0.0,0.0,0
11961,0.0,0.0,1.0,0.0,0.0,2.0,3.0,4.0,0.0,0.0,2.0,0.0,0.0,0.0,0.0,5.0,0.0,0.0,0.0,1
11982,0.0,0.0,2.0,1.0,3.0,0.0,4.0,0.0,0.0,0.0,3.0,0.0,0.0,0.0,0.0,0.0,0.0,5.0,6.0,1
12034,0.0,0.0,5.0,0.0,0.0,0.0,6.0,0.0,0.0,0.0,6.0,0.0,0.0,0.0,0.0,-7.0,0.0,7.0,8.0,1
12117,0.0,1.0,2.0,2.0,6.0,0.0,4.0,0.0,3.0,4.0,3.0,0.0,0.0,0.0,0.0,0.0,0.0,0.0,0.0,1
12131,0.0,2.0,3.0,3.0,0.0,4.0,5.0,0.0,0.0,0.0,4.0,0.0,0.0,5.0,7.0,7.0,8.0,0.0,0.0,1
12180,0.0,0.0,0.0,4.0,0.0,0.0,0.0,0.0,0.0,0.0,0.0,0.0,0.0,0.0,0.0,0.0,0.0,0.0,0.0,0
12184,0.0,0.0,0.0,0.0,0.0,0.0,2.0,0.0,5.0,0.0,2.0,0.0,0.0,0.0,0.0,0.0,0.0,0.0,0.0,1
12203,0.0,0.0,1.0,1.0,0.0,2.0,3.0,0.0,0.0,0.0,2.0,0.0,0.0,0.0,0.0,0.0,0.0,0.0,0.0,1
12207,0.0,0.0,0.0,0.0,0.0,0.0,6.0,0.0,0.0,0.0,0.0,0.0,0.0,0.0,0.0,8.0,0.0,7.0,8.0,0
12223,0.0,2.0,3.0,3.0,0.0,4.0,5.0,6.0,0.0,4.0,4.0,6.0,0.0,0.0,5.0,5.0,0.0,5.0,6.0,1
12254,0.0,0.0,6.0,0.0,0.0,0.0,7.0,0.0,0.0,-8.0,6.0,0.0,0.0,0.0,0.0,8.0,0.0,7.0,8.0,1
12280,0.0,0.0,0.0,0.0,0.0,0.0,0.0,8.0,0.0,0.0,0.0,0.0,0.0,0.0,0.0,0.0,0.0,0.0,0.0,1
12314,1.0,2.0,3.0,3.0,0.0,4.0,5.0,0.0,0.0,0.0,4.0,0.0,0.0,0.0,0.0,-7.0,0.0,5.0,6.0,1
12343,0.0,0.0,2.0,1.0,0.0,5.0,3.0,0.0,0.0,0.0,2.0,4.0,0.0,0.0,0.0,5.0,0.0,3.0,4.0,1
12396,0.0,0.0,2.0,2.0,1.0,0.0,3.0,4.0,3.0,0.0,2.0,4.0,0.0,0.0,0.0,3.0,4.0,0.0,0.0,1
12428,1.0,2.0,3.0,3.0,0.0,4.0,-5.0,0.0,0.0,0.0,4.0,0.0,0.0,0.0,0.0,6.0,0.0,5.0,6.0,1
12463,1.0,-2.0,3.0,3.0,0.0,4.0,6.0,0.0,0.0,8.0,5.0,4.0,0.0,7.0,0.0,6.0,0.0,5.0,8.0,1
12531,0.0,0.0,1.0,0.0,0.0,0.0,3.0,0.0,0.0,0.0,2.0,0.0,0.0,0.0,0.0,4.0,0.0,3.0,4.0,1
12543,0.0,0.0,0.0,2.0,0.0,3.0,4.0,6.0,0.0,4.0,3.0,4.0,0.0,0.0,0.0,5.0,0.0,0.0,0.0,1
12609,1.0,2.0,3.0,3.0,0.0,3.0,5.0,6.0,0.0,0.0,4.0,0.0,0.0,5.0,0.0,8.0,0.0,5.0,0.0,1
12628,3.0,4.0,5.0,5.0,7.0,0.0,0.0,0.0,0.0,0.0,-6.0,0.0,0.0,0.0,0.0,8.0,0.0,7.0,8.0,0
12659,0.0,1.0,2.0,2.0,0.0,0.0,6.0,0.0,3.0,4.0,3.0,4.0,0.0,0.0,0.0,0.0,0.0,0.0,0.0,1
12691,0.0,0.0,0.0,0.0,0.0,0.0,8.0,0.0,5.0,-6.0,6.0,0.0,6.0,7.0,0.0,7.0,0.0,0.0,0.0,1
12718,0.0,0.0,2.0,0.0,0.0,0.0,1.0,0.0,4.0,0.0,0.0,7.0,0.0,0.0,0.0,-4.0,0.0,6.0,7.0,1
12750,0.0,1.0,3.0,2.0,3.0,0.0,0.0,0.0,0.0,0.0,3.0,0.0,0.0,0.0,0.0,5.0,-6.0,0.0,0.0,1
12772,1.0,-2.0,0.0,0.0,0.0,0.0,0.0,0.0,0.0,0.0,0.0,0.0,0.0,0.0,0.0,0.0,0.0,0.0,0.0,0
12819,0.0,0.0,0.0,1.0,0.0,0.0,2.0,0.0,0.0,0.0,1.0,4.0,0.0,3.0,0.0,-3.0,0.0,0.0,0.0,1
12822,-1.0,-2.0,0.0,0.0,0.0,0.0,0.0,0.0,0.0,0.0,0.0,0.0,0.0,0.0,0.0,0.0,0.0,0.0,0.0,0
12837,1.0,2.0,3.0,3.0,0.0,4.0,6.0,0.0,0.0,0.0,6.0,0.0,0.0,7.0,0.0,7.0,8.0,0.0,0.0,1
12841,0.0,0.0,0.0,0.0,0.0,0.0,5.0,6.0,0.0,0.0,4.0,0.0,0.0,0.0,0.0,5.0,0.0,0.0,0.0,1
12855,0.0,0.0,5.0,0.0,0.0,4.0,7.0,0.0,7.0,8.0,6.0,0.0,0.0,0.0,0.0,6.0,0.0,0.0,0.0,0
12980,1.0,2.0,3.0,3.0,4.0,0.0,7.0,0.0,0.0,0.0,-4.0,0.0,0.0,0.0,0.0,7.0,0.0,5.0,6.0,1
13031,0.0,0.0,0.0,0.0,0.0,0.0,0.0,0.0,0.0,4.0,1.0,0.0,0.0,1.0,2.0,0.0,0.0,0.0,0.0,1
13032,0.0,0.0,0.0,0.0,0.0,0.0,0.0,8.0,0.0,0.0,0.0,6.0,0.0,0.0,0.0,6.0,8.0,7.0,8.0,0
13033,0.0,0.0,3.0,2.0,3.0,0.0,4.0,0.0,0.0,0.0,4.0,0.0,0.0,-7.0,0.0,6.0,0.0,0.0,0.0,1
13039,0.0,2.0,4.0,3.0,0.0,4.0,6.0,-8.0,5.0,0.0,5.0,0.0,6.0,0.0,0.0,7.0,-8.0,7.0,0.0,1
