STUDENT,GRADUATE,165,166,201,265,266,267,301,302,304,314,317,350,365,373,385,414,415,435,436
51,1,0.0,0.0,0.0,0.0,0.0,0.0,0.0,0.0,0.0,0.0,0.0,0.0,0.0,8.0,0.0,0.0,0.0,0.0,0.0
75,1,1.5,3.0,4.0,4.0,0.0,5.5,6.5,0.0,0.0,0.0,5.5,0.0,9.0,0.0,9.0,8.0,0.0,8.0,9.0
86,1,0.0,0.0,1.5,0.0,0.0,0.0,3.0,0.0,0.0,4.0,0.5,0.0,0.0,0.0,0.5,4.0,0.0,3.0,1.5
94,1,0.0,0.0,0.5,0.0,0.0,0.0,2.0,3.0,0.0,0.0,0.5,0.0,0.5,2.0,0.0,1.0,0.0,0.0,0.0
127,1,0.0,0.0,0.5,0.0,0.0,0.0,3.0,0.0,0.0,0.0,0.5,0.0,0.0,0.0,1.5,1.5,4.0,3.0,0.0
128,1,0.0,0.0,1.5,0.5,0.0,3.0,5.5,0.0,8.0,9.0,3.0,4.0,0.0,0.0,0.0,9.0,0.0,8.0,0.0
193,1,0.5,1.5,6.5,3.0,0.0,4.0,6.5,9.0,0.0,0.0,5.5,0.0,0.0,8.0,0.0,5.5,0.0,8.0,0.0
202,0,0.0,0.0,0.0,0.0,0.0,0.0,0.0,0.0,0.0,0.0,0.0,0.0,0.0,0.0,0.0,0.0,0.0,0.0,0.0
264,1,0.0,0.5,3.0,1.5,3.0,0.0,8.0,0.0,0.0,9.0,4.0,0.0,0.0,0.0,0.0,5.5,6.5,0.0,0.0
287,1,0.0,1.5,3.0,3.0,0.0,-4.0,-5.5,0.0,0.0,0.0,4.0,0.0,0.0,0.0,0.0,-8.0,0.0,5.5,6.5
327,0,0.0,0.0,0.5,0.5,0.0,1.5,3.0,-4.0,5.5,0.0,-1.5,4.0,0.0,0.0,3.0,0.0,0.0,0.0,0.0
334,1,3.0,4.0,5.5,5.5,6.5,0.0,8.0,0.0,0.0,0.0,6.5,9.0,0.0,0.0,0.0,9.5,0.0,8.0,9.0
341,1,0.5,1.5,3.0,3.0,0.0,4.0,5.5,0.0,0.0,0.0,4.0,0.0,0.0,0.0,0.0,8.0,0.0,5.5,6.5
417,1,0.5,2.0,5.5,3.0,0.0,4.0,0.0,0.0,0.0,9.0,5.5,0.0,0.0,8.0,0.0,0.0,0.0,0.0,0.0
522,1,0.0,0.5,1.5,1.5,0.0,3.0,-5.5,0.0,0.0,0.0,3.0,0.0,0.0,0.0,0.0,7.0,0.0,5.5,-4.0
537,1,0.0,0.0,0.0,0.0,1.5,0.0,3.0,0.0,0.0,0.0,1.5,0.0,0.0,0.0,0.0,4.5,0.0,3.0,4.0
559,1,4.5,0.0,0.5,-0.5,0.0,1.5,3.0,0.0,0.0,4.0,-1.5,0.0,0.0,0.0,0.0,2.0,0.0,-3.0,4.0
568,1,0.0,0.0,7.0,0.0,0.0,0.0,0.0,0.0,0.0,0.0,8.0,0.0,0.0,9.5,0.0,8.5,0.0,0.0,0.0
570,1,0.0,0.0,1.5,0.5,0.0,1.5,5.5,0.0,8.0,0.0,3.0,0.0,9.0,0.0,0.0,4.5,0.0,5.5,9.0
577,1,0.0,0.0,1.5,0.5,0.0,0.0,0.0,0.0,0.0,0.0,3.0,0.0,0.0,0.0,0.0,7.0,0.0,0.0,0.0
585,1,0.0,3.0,0.0,0.0,0.0,0.0,0.0,0.0,0.0,0.0,4.0,0.0,0.0,8.0,0.0,5.5,0.0,0.0,0.0
593,1,0.0,0.0,1.5,0.5,0.0,1.5,5.5,0.0,0.0,-9.0,3.0,0.0,4.0,0.0,0.0,3.0,4.0,0.0,0.0
614,1,0.0,0.0,0.0,0.0,0.0,0.0,4.0,6.5,8.0,0.0,0.0,4.0,4.0,0.0,0.0,5.5,6.5,5.5,6.5
766,0,0.0,0.5,3.0,1.5,0.0,3.0,0.0,0.0,0.0,0.0,0.0,0.0,0.0,0.0,0.0,0.0,0.0,0.0,0.0
783,1,0.0,0.0,5.5,0.0,0.0,0.0,6.5,0.0,0.0,0.0,5.5,0.0,0.0,0.0,0.0,9.0,0.0,8.0,9.0
808,1,0.0,0.5,1.5,1.5,0.0,3.0,5.5,0.0,0.0,0.0,3.0,0.0,0.0,0.0,0.0,8.0,0.0,5.5,6.5
820,1,0.0,0.0,9.0,0.0,-10.0,0.0,0.0,0.0,0.0,0.0,10.0,0.0,0.0,9.0,0.0,11.5,12.5,0.0,0.0
826,1,0.0,0.0,1.5,-1.5,0.0,-0.5,-4.0,0.0,0.0,0.0,3.0,0.0,0.0,-3.0,0.0,2.0,0.0,0.0,0.0
876,1,0.0,0.0,6.5,3.0,0.0,5.5,10.5,0.0,0.0,11.5,11.5,6.5,0.0,0.0,0.0,0.0,0.0,0.0,0.0
877,1,0.0,0.0,0.0,0.0,0.0,0.0,0.0,0.0,0.0,0.0,0.0,0.0,0.0,0.0,9.0,0.0,0.0,0.0,0.0
899,1,0.0,0.0,0.5,0.0,0.5,0.0,0.0,0.0,0.0,0.0,1.5,0.0,0.0,0.0,1.5,4.0,0.0,0.0,0.0
926,1,3.0,1.5,-4.0,3.0,0.0,6.5,10.5,0.0,10.5,9.0,-8.0,0.0,0.0,0.0,0.0,9.0,0.0,0.0,0.0
960,1,0.0,0.0,0.5,0.5,0.0,0.0,-2.0,0.0,0.0,0.0,0.5,0.0,0.0,0.0,0.0,4.5,0.0,2.0,3.0
966,0,0.0,0.0,0.0,0.0,0.0,0.0,5.5,6.5,-5.5,4.0,0.0,4.0,0.0,0.0,0.0,0.0,0.0,0.0,0.0
967,1,0.0,0.5,1.5,1.5,0.0,3.0,0.0,0.0,0.0,4.0,3.0,0.0,6.5,8.0,0.0,0.0,0.0,0.0,0.0
975,1,0.0,0.0,0.0,0.0,0.0,0.0,0.0,6.5,8.0,0.0,0.0,0.0,9.0,8.0,6.5,6.5,9.0,0.0,0.0
1006,0,0.0,0.0,0.0,1.5,0.0,0.0,0.0,0.0,0.0,0.0,0.0,0.0,0.0,0.0,0.0,0.0,0.0,0.0,0.0
1085,1,0.0,3.0,4.5,4.5,0.0,5.5,-7.0,0.0,0.0,0.0,9.5,8.0,8.0,7.0,0.0,9.5,10.5,0.0,0.0
1107,1,0.5,1.5,8.0,3.0,4.0,0.0,6.5,0.0,8.0,6.5,6.5,0.0,0.0,0.0,0.0,6.5,9.0,0.0,0.0
1135,1,0.5,1.5,3.0,3.0,0.0,4.0,5.5,0.0,0.0,0.0,4.0,0.0,0.0,0.0,0.0,6.5,0.0,5.5,6.5
1141,1,1.0,2.0,3.0,3.0,0.0,4.5,5.5,0.0,0.0,10.5,4.5,0.0,0.0,0.0,0.0,5.5,8.0,7.0,8.0
1183,0,0.0,0.0,0.5,0.5,0.0,1.5,3.0,4.0,-5.5,0.0,1.5,0.0,0.0,0.0,0.0,4.5,0.0,3.0,4.0
1207,1,0.0,0.0,8.0,3.0,8.0,0.0,0.0,0.0,0.0,0.0,9.0,0.0,0.0,-10.5,0.0,10.5,0.0,0.0,0.0
1208,1,0.0,1.5,3.0,3.0,0.0,4.0,5.5,9.0,0.0,6.5,4.0,0.0,4.0,0.0,8.0,5.5,6.5,0.0,9.0
1209,1,0.5,1.5,1.5,3.0,0.0,4.0,-6.5,0.0,0.0,0.0,3.0,0.0,0.0,0.0,0.0,-6.5,0.0,5.5,6.5
1223,1,0.0,0.0,0.0,0.0,0.0,0.0,5.5,0.0,0.0,0.0,5.5,5.5,0.0,0.0,0.0,7.0,8.0,0.0,0.0
1225,1,0.0,0.0,8.0,0.0,8.0,0.0,11.5,-14.0,-13.0,0.0,10.5,0.0,0.0,0.0,13.0,-14.0,0.0,0.0,0.0
1261,1,0.0,0.0,0.0,0.0,0.0,0.0,0.0,0.0,0.0,0.0,0.0,0.0,0.0,0.0,0.0,8.0,0.0,0.0,6.5
1263,1,0.0,0.0,0.0,0.0,0.0,0.0,4.0,0.0,0.0,0.0,0.0,0.0,0.0,0.0,0.0,6.5,0.0,5.5,6.5
1265,1,0.0,0.0,0.0,0.0,0.0,0.0,2.0,3.0,2.0,3.0,0.5,0.0,0.0,0.0,2.0,4.5,0.0,4.5,0.0
1307,1,0.0,0.0,1.5,0.0,0.0,0.0,3.0,0.0,0.0,-4.0,0.0,0.0,0.0,0.0,0.5,-3.0,0.0,0.0,0.0
1312,0,0.0,0.5,3.0,1.5,0.0,3.0,0.0,0.0,0.0,0.0,5.5,0.0,4.0,8.0,0.0,0.0,0.0,0.0,0.0
1348,1,0.0,0.0,0.0,0.0,0.0,0.0,5.5,0.0,8.0,4.0,4.0,4.0,0.0,0.0,6.5,4.0,6.5,0.0,0.0
1385,1,0.0,0.0,4.0,0.0,0.0,4.0,-5.5,-6.5,0.0,0.0,4.0,0.0,6.5,0.0,5.5,4.5,6.5,-5.5,0.0
1401,0,0.5,0.0,0.0,0.0,0.0,0.0,0.0,0.0,0.0,0.0,0.0,0.0,0.0,0.0,0.0,0.0,0.0,0.0,0.0
1428,1,-0.5,1.5,3.0,3.0,0.0,4.0,8.0,0.0,0.0,0.0,4.0,0.0,0.0,0.0,0.0,7.0,0.0,8.0,9.0
1470,1,0.0,0.5,4.0,1.5,0.0,3.0,8.0,0.0,0.0,0.0,5.5,0.0,0.0,0.0,0.0,6.5,0.0,5.5,6.5
1488,1,0.0,0.0,0.0,0.0,0.0,0.0,1.5,0.0,0.0,0.0,0.0,0.0,0.0,0.0,0.0,1.5,0.0,5.5,6.5
1541,0,0.0,0.0,10.5,-10.5,0.0,-10.5,-13.0,0.0,0.0,14.0,11.5,11.5,0.0,0.0,0.0,-12.0,0.0,13.0,-14.0
1579,1,0.0,0.0,0.0,0.0,0.0,0.0,0.0,6.5,0.0,0.0,5.5,0.0,0.0,0.0,5.5,8.0,0.0,0.0,0.0
1584,0,0.0,0.0,0.0,0.0,0.0,0.0,4.0,0.0,0.0,0.0,0.0,0.0,0.0,0.0,0.0,0.0,4.0,0.0,0.0
1636,1,0.0,0.0,0.5,0.5,0.0,1.0,4.5,0.0,4.5,0.0,2.0,0.0,5.5,0.0,0.0,2.0,3.0,0.0,0.0
1650,1,0.5,1.5,3.0,3.0,0.0,4.0,5.5,0.0,0.0,9.0,-4.0,0.0,0.0,0.0,0.0,4.5,0.0,8.0,9.0
1678,0,0.0,0.5,1.5,1.5,0.0,0.0,0.0,0.0,0.0,0.0,0.0,0.0,0.0,0.0,0.0,0.0,0.0,0.0,0.0
1684,1,0.0,0.5,3.0,1.5,0.0,3.0,-5.5,0.0,0.0,0.0,4.0,0.0,0.0,0.0,0.0,6.5,0.0,5.5,6.5
1747,0,0.0,0.5,0.0,0.0,0.0,0.0,0.0,0.0,0.0,0.0,0.0,0.0,0.0,0.0,0.0,0.0,0.0,0.0,0.0
1768,1,0.0,0.5,4.0,4.0,0.0,5.5,-8.0,0.0,8.0,0.0,-6.5,0.0,0.0,-8.0,0.0,10.5,0.0,0.0,0.0
1794,1,0.0,0.0,0.5,-1.5,-3.0,0.0,5.5,0.0,0.0,0.0,1.5,0.0,0.0,0.0,0.0,4.5,0.0,5.5,6.5
1803,1,0.0,0.0,0.0,0.0,0.0,0.0,-9.0,0.0,0.0,0.0,0.0,0.0,0.0,0.0,0.0,10.5,0.0,0.0,9.0
1849,1,0.0,0.0,4.0,4.0,0.0,0.0,0.0,0.0,5.5,0.0,-5.5,6.5,0.0,0.0,0.0,5.5,0.0,0.0,0.0
1873,1,0.0,0.0,0.5,0.5,0.0,1.5,0.0,0.0,5.5,0.0,1.5,-4.0,0.0,3.0,0.0,0.0,0.0,0.0,0.0
1874,1,0.0,0.0,0.0,0.0,0.0,0.0,8.0,0.0,0.0,0.0,0.0,8.0,8.0,0.0,0.0,9.5,10.5,9.5,0.0
1885,0,0.0,0.0,-9.0,0.0,0.0,0.0,0.0,0.0,0.0,0.0,0.0,0.0,0.0,0.0,0.0,0.0,0.0,0.0,0.0
1895,1,0.5,1.5,3.0,3.0,0.0,4.0,-5.5,0.0,0.0,0.0,4.0,0.0,0.0,0.0,0.0,0.0,0.0,0.0,0.0
1930,1,0.0,0.0,0.0,0.0,0.0,0.0,0.0,0.0,0.0,0.0,0.0,0.0,0.0,0.0,0.0,8.0,0.0,0.0,6.5
1954,1,0.0,0.0,0.5,0.5,0.0,1.5,5.5,0.0,0.0,0.0,1.5,4.0,1.5,0.0,4.0,3.0,6.5,3.0,4.0
1994,1,0.0,0.0,0.0,0.0,0.0,4.0,-5.5,0.0,0.0,0.0,4.0,0.0,9.0,0.0,0.0,-5.5,0.0,8.0,9.0
2001,1,8.0,1.5,5.5,0.0,0.0,3.0,8.0,0.0,0.0,0.0,6.5,0.0,0.0,0.0,-4.0,8.0,9.0,0.0,0.0
2025,1,0.0,0.0,1.5,0.5,0.0,0.0,4.0,0.0,5.5,0.0,3.0,0.0,0.0,0.0,3.0,4.0,6.5,5.5,0.0
2057,0,0.0,0.0,0.0,0.0,0.0,0.0,14.0,0.0,0.0,14.0,0.0,14.0,0.0,0.0,0.0,0.0,0.0,0.0,14.0
2059,1,0.0,0.0,0.5,0.0,0.0,0.0,0.0,0.0,0.0,4.0,-1.5,0.0,0.0,0.0,3.0,0.0,0.0,0.0,0.0
2084,1,0.0,0.0,-1.5,0.5,0.0,3.0,4.0,0.0,0.0,-9.0,3.0,0.0,0.0,0.0,0.0,8.0,0.0,5.5,4.0
2118,1,0.0,0.0,6.5,0.0,0.0,7.0,8.0,0.0,0.0,0.0,6.5,0.0,0.0,0.0,0.0,10.5,0.0,8.0,9.0
2179,1,0.0,0.0,1.5,0.5,0.0,1.5,0.0,0.0,0.0,0.0,4.0,0.0,0.0,5.5,0.0,5.5,0.0,0.0,0.0
2215,0,0.0,0.0,0.0,0.0,0.0,0.0,0.0,0.0,0.0,0.0,0.0,0.0,0.0,0.0,0.0,0.0,0.0,0.0,0.0
2223,1,0.0,0.0,0.0,0.0,0.0,0.0,3.0,0.0,3.0,1.5,0.5,0.0,0.0,0.0,0.0,0.5,0.0,0.0,4.0
2253,1,0.0,0.0,0.0,0.0,0.0,0.0,0.0,6.5,0.0,0.0,0.0,0.0,0.0,0.0,0.0,0.0,6.5,0.0,0.0
2287,1,0.0,0.0,4.0,1.5,3.0,0.0,0.0,0.0,0.0,0.0,6.5,0.0,0.0,0.0,0.0,7.0,0.0,0.0,0.0
2323,0,0.0,0.0,3.0,0.0,0.0,0.0,0.0,0.0,0.0,0.0,0.0,0.0,0.0,0.0,0.0,5.5,6.5,0.0,0.0
2332,1,0.0,0.0,0.0,0.0,0.0,0.0,1.5,0.0,3.0,0.0,0.0,0.0,1.5,0.0,1.5,3.0,4.0,0.0,0.0
2350,1,0.0,0.0,0.0,0.0,0.0,0.0,-11.5,0.0,-10.5,0.0,10.5,0.0,0.0,10.5,0.0,0.0,0.0,0.0,0.0
2361,0,0.0,0.0,9.0,0.0,0.0,0.0,0.0,0.0,0.0,0.0,0.0,0.0,0.0,0.0,0.0,0.0,0.0,0.0,0.0
2381,0,0.0,3.0,4.0,9.5,13.0,0.0,-14.0,0.0,0.0,0.0,-5.5,14.0,14.0,0.0,0.0,0.0,0.0,-10.5,14.0
2510,1,1.5,3.0,4.0,5.5,6.5,0.0,6.5,0.0,0.0,0.0,5.5,9.0,0.0,0.0,0.0,7.0,0.0,8.0,6.5
2522,1,0.0,0.0,0.5,0.0,0.0,0.0,2.0,0.0,0.0,0.0,0.0,0.0,0.0,0.0,0.0,3.0,0.0,2.0,3.0
2530,1,0.0,0.0,0.0,0.0,0.0,0.0,5.5,6.5,0.0,6.5,4.0,0.0,4.0,0.0,0.0,5.5,0.0,0.0,0.0
2532,1,0.0,0.0,1.5,0.5,0.0,1.5,-4.0,0.0,0.0,6.5,3.0,0.0,0.0,0.0,9.0,0.0,0.0,0.0,0.0
2550,1,0.0,0.0,0.5,0.0,0.0,0.5,3.0,4.0,0.0,1.5,1.5,0.0,0.0,0.0,0.0,3.0,4.0,0.0,0.0
2590,0,0.0,0.0,0.0,1.5,0.0,0.0,0.0,0.0,0.0,0.0,0.0,0.0,0.0,0.0,0.0,0.0,0.0,0.0,0.0
2615,1,1.5,0.0,3.0,3.0,4.0,0.0,6.5,0.0,0.0,0.0,4.0,0.0,0.0,0.0,0.0,8.0,0.0,5.5,6.5
2621,1,0.0,0.0,0.0,0.0,0.0,0.0,0.0,0.0,0.0,0.0,0.0,9.0,0.0,0.0,0.0,0.0,0.0,0.0,9.0
2627,1,0.5,1.5,3.0,3.0,0.0,4.0,-5.5,0.0,0.0,0.0,4.0,0.0,0.0,0.0,6.5,4.5,0.0,5.5,4.0
2630,1,0.0,0.0,0.0,0.0,0.0,0.0,0.0,0.0,0.0,0.0,0.0,0.0,0.0,0.0,0.0,8.0,0.0,8.0,6.5
2652,1,0.5,4.0,4.0,5.5,5.5,0.0,8.0,0.0,0.0,0.0,6.5,0.0,0.0,0.0,0.0,9.0,0.0,8.0,9.0
2671,1,0.0,0.0,4.0,3.0,0.0,4.0,6.5,0.0,0.0,0.0,5.5,9.0,0.0,8.0,0.0,8.0,0.0,8.0,9.0
2749,1,0.0,0.0,0.0,0.0,5.5,0.0,0.0,0.0,0.0,0.0,3.0,0.0,0.0,7.0,0.0,5.5,0.0,0.0,0.0
2751,1,0.0,0.5,4.0,1.5,0.0,3.0,0.0,0.0,0.0,0.0,4.0,0.0,0.0,0.0,0.0,5.5,0.0,0.0,0.0
2775,1,0.0,0.0,0.0,0.0,0.0,0.0,-6.5,0.0,0.0,0.0,0.0,0.0,0.0,0.0,0.0,-8.0,0.0,8.0,9.0
2805,1,0.0,0.0,0.0,0.0,0.0,0.0,0.0,0.0,0.0,0.0,0.0,0.0,0.0,0.0,0.0,0.0,0.0,0.0,-11.5
2812,1,0.0,0.0,4.0,0.0,0.0,3.0,5.5,0.0,0.0,0.0,4.0,0.0,0.0,0.0,0.0,7.0,0.0,5.5,6.5
2814,1,0.0,0.0,4.0,0.0,0.0,0.0,8.0,0.0,0.0,0.0,5.5,0.0,0.0,0.0,0.0,-7.0,0.0,5.5,6.5
2864,1,0.0,0.0,0.0,0.0,0.0,0.0,3.0,4.0,0.0,4.0,3.0,1.5,0.0,0.0,0.0,0.5,0.0,0.0,0.0
2874,1,0.0,0.0,0.0,9.5,0.0,0.0,10.5,0.0,0.0,-9.0,0.0,0.0,0.0,0.0,0.0,0.0,0.0,0.0,0.0
2893,1,0.0,0.0,5.5,0.0,0.0,0.0,8.0,9.0,8.0,6.5,6.5,0.0,0.0,0.0,0.0,6.5,9.0,0.0,0.0
2911,1,0.0,0.0,1.5,0.0,0.0,0.5,3.0,0.0,3.0,0.0,1.5,4.0,6.5,0.0,0.0,4.0,0.0,3.0,4.0
2934,1,0.5,1.5,3.0,3.0,0.0,4.0,6.5,0.0,0.0,0.0,4.0,0.0,0.0,0.0,0.0,5.5,0.0,8.0,9.0
2951,1,0.0,0.0,8.0,4.0,0.0,4.5,6.5,0.0,8.0,0.0,5.5,0.0,0.0,0.0,0.0,4.5,0.0,8.0,9.0
2998,1,0.0,0.0,3.0,0.0,0.0,0.0,5.5,0.0,8.0,6.5,4.0,6.5,0.0,0.0,0.0,8.0,9.0,0.0,0.0
3038,0,0.0,0.0,-2.0,0.0,0.0,0.0,0.0,0.0,0.0,0.0,-3.0,0.0,-3.0,0.0,0.0,0.0,0.0,0.0,0.0
3121,1,0.0,0.5,0.5,0.5,0.0,1.5,3.0,4.0,0.0,4.0,1.5,0.0,0.0,0.0,3.0,5.5,0.0,0.0,0.0
3131,0,0.0,0.0,0.5,0.0,0.0,0.5,0.0,0.0,0.0,0.0,1.5,0.0,0.0,0.0,1.5,2.0,0.0,0.0,0.0
3141,1,0.0,0.5,1.5,1.5,4.0,0.0,4.0,0.0,0.0,0.0,-3.0,0.0,0.0,0.0,0.0,7.0,0.0,5.5,6.5
3158,1,0.0,0.0,4.0,0.0,0.0,4.0,-8.0,0.0,0.0,0.0,-6.5,0.0,0.0,0.0,0.0,9.0,0.0,8.0,9.0
3173,1,0.0,0.5,2.0,2.0,0.0,0.0,0.0,0.0,0.0,0.0,5.5,0.0,0.0,0.0,0.0,5.5,0.0,0.0,0.0
3191,1,0.0,0.0,0.0,0.0,0.0,0.0,4.0,0.0,8.0,9.0,0.0,9.0,0.0,5.5,0.0,5.5,0.0,0.0,0.0
3256,1,0.0,0.0,1.5,0.5,0.0,0.0,6.5,0.0,0.0,0.0,5.5,6.5,0.0,0.0,0.0,8.0,0.0,8.0,6.5
3287,1,0.0,0.0,3.0,0.5,0.0,1.5,4.0,9.0,0.0,0.0,3.0,0.0,0.0,8.0,0.0,5.5,0.0,0.0,0.0
3301,1,0.0,0.5,4.0,1.5,3.0,0.0,0.0,0.0,0.0,0.0,5.5,0.0,0.0,8.0,0.0,6.5,0.0,0.0,0.0
3331,1,1.5,2.0,0.0,0.0,0.0,3.0,5.5,0.0,0.0,0.0,4.0,0.0,0.0,0.0,0.0,0.0,0.0,0.0,0.0
3344,1,0.0,0.0,0.0,0.0,0.0,0.0,9.0,0.0,0.0,0.0,0.0,0.0,0.0,0.0,0.0,12.0,0.0,10.5,11.5
3372,1,0.0,0.5,3.0,1.5,0.0,4.0,6.5,0.0,0.0,0.0,5.5,0.0,0.0,5.5,0.0,4.5,0.0,0.0,0.0
3406,1,0.0,-1.5,3.0,-3.0,0.0,4.0,-5.5,0.0,0.0,0.0,4.0,0.0,0.0,0.0,0.0,8.0,0.0,5.5,6.5
3482,0,0.0,1.5,3.0,3.0,4.0,0.0,0.0,0.0,0.0,0.0,-4.0,0.0,0.0,0.0,0.0,0.0,0.0,0.0,0.0
3491,1,0.0,0.0,0.5,0.0,0.0,0.5,4.0,0.0,0.0,0.0,1.5,4.0,0.0,0.0,0.0,3.0,0.0,3.0,1.5
3530,1,0.0,0.0,1.5,0.5,0.0,1.5,4.0,0.0,5.5,0.0,3.0,0.0,0.0,0.0,0.0,6.5,0.0,5.5,4.0
3567,1,0.5,1.5,5.5,3.0,0.0,4.5,9.0,0.0,0.0,0.0,-8.0,0.0,6.5,0.0,0.0,-9.5,0.0,-8.0,0.0
3569,1,0.0,0.0,0.0,0.0,10.5,0.0,9.0,0.0,0.0,0.0,0.0,0.0,0.0,0.0,0.0,9.5,0.0,0.0,9.0
3583,1,0.0,0.0,9.0,0.0,-7.0,0.0,0.0,0.0,0.0,9.0,8.0,9.0,0.0,0.0,0.0,8.0,0.0,0.0,0.0
3660,1,0.0,0.0,0.0,0.0,6.5,0.0,0.0,0.0,0.0,0.0,0.0,0.0,0.0,0.0,0.0,-7.0,0.0,0.0,0.0
3739,0,0.0,0.0,0.0,0.0,4.0,0.0,0.0,0.0,0.0,0.0,4.0,0.0,0.0,0.0,0.0,0.0,0.0,0.0,0.0
3749,1,0.0,0.0,0.5,0.5,0.0,1.5,3.0,0.0,0.0,0.0,1.5,0.0,0.0,0.0,0.0,4.0,0.0,3.0,4.0
3827,0,0.5,1.5,0.0,0.0,0.0,0.0,0.0,0.0,0.0,0.0,0.0,0.0,0.0,0.0,0.0,0.0,0.0,0.0,0.0
3864,1,0.0,0.0,4.5,3.0,0.0,-5.5,10.5,0.0,9.5,0.0,7.0,0.0,8.0,0.0,0.0,-8.0,10.5,9.5,0.0
3925,1,0.0,0.0,3.0,1.5,0.0,4.0,8.0,9.0,0.0,9.0,4.0,0.0,0.0,0.0,0.0,6.5,0.0,0.0,0.0
3938,1,1.5,4.0,4.0,5.5,0.0,7.0,0.0,0.0,0.0,0.0,-8.0,0.0,0.0,0.0,0.0,7.0,0.0,0.0,0.0
3997,1,0.0,0.5,1.5,1.5,0.0,0.0,0.0,0.0,0.0,0.0,3.0,0.0,0.0,0.0,0.0,4.0,0.0,0.0,0.0
4038,1,0.0,1.5,2.5,2.5,4.0,0.0,0.0,0.0,0.0,0.0,4.0,0.0,0.0,6.5,0.0,6.5,0.0,0.0,0.0
4112,1,0.0,0.0,0.0,0.0,0.0,1.5,0.0,0.0,0.0,0.0,0.5,0.0,0.0,0.0,0.0,0.5,1.5,0.0,0.0
4125,1,1.5,3.0,4.0,0.0,0.0,5.5,5.5,0.0,0.0,0.0,6.5,0.0,0.0,0.0,0.0,10.5,0.0,8.0,9.0
4147,1,0.0,0.0,9.0,10.5,0.0,0.0,-13.0,14.0,13.0,0.0,11.5,11.5,11.5,0.0,0.0,14.0,0.0,0.0,0.0
4154,0,0.0,1.5,0.5,1.5,0.0,0.0,0.0,0.0,0.0,0.0,3.0,1.5,0.0,0.0,0.0,0.0,0.0,0.0,0.0
4263,0,0.0,0.0,-2.0,0.0,0.0,0.0,0.0,0.0,0.0,0.0,0.0,0.0,0.0,0.0,0.0,0.0,0.0,0.0,0.0
4321,1,1.5,0.0,3.0,3.0,0.0,4.0,5.5,0.0,0.0,0.0,4.0,0.0,0.0,0.0,0.0,8.0,0.0,5.5,6.5
4339,1,0.0,0.0,0.5,0.0,0.0,0.0,1.5,0.0,0.0,0.0,0.5,0.0,4.0,0.0,0.5,3.0,4.0,-3.0,1.5
4344,1,0.5,1.5,4.0,3.0,0.0,4.0,5.5,0.0,0.0,0.0,4.0,0.0,0.0,0.0,0.0,8.0,9.0,5.5,6.5
4384,0,0.0,5.5,4.0,5.5,0.0,4.0,-5.5,0.0,0.0,0.0,-4.0,0.0,0.0,0.0,0.0,0.0,0.0,5.5,0.0
4423,1,2.0,3.0,3.0,4.5,0.0,7.0,-10.5,0.0,0.0,10.5,7.0,0.0,0.0,0.0,0.0,5.5,8.0,7.0,8.0
4446,1,1.5,3.0,4.0,4.0,0.0,9.0,9.0,0.0,0.0,9.0,6.5,0.0,0.0,-8.0,0.0,-8.0,0.0,0.0,0.0
4447,1,0.0,0.0,1.5,0.5,0.0,1.5,4.0,0.0,8.0,6.5,3.0,0.0,6.5,0.0,0.0,2.0,0.0,3.0,4.0
4448,1,0.0,0.0,0.0,0.0,0.0,0.0,4.0,0.0,0.0,0.0,0.0,0.0,0.0,0.0,0.0,5.5,0.0,5.5,6.5
4477,1,7.0,1.5,3.0,4.0,0.0,6.5,0.0,0.0,0.0,0.0,5.5,0.0,0.0,0.0,0.0,9.0,0.0,0.0,0.0
4501,1,0.5,2.0,3.0,3.0,3.0,0.0,4.5,0.0,0.0,0.0,4.5,0.0,0.0,7.0,5.5,5.5,0.0,0.0,0.0
4524,1,0.0,0.5,3.0,1.5,3.0,0.0,6.5,0.0,-8.0,9.0,4.0,0.0,9.0,10.5,8.0,8.0,0.0,0.0,0.0
4560,1,0.0,0.0,0.0,0.0,0.0,0.0,4.0,0.0,3.0,4.0,3.0,0.0,4.0,0.0,3.0,-6.5,0.0,0.0,0.0
4578,1,0.0,0.0,1.5,1.5,0.0,3.0,4.0,0.0,0.0,0.0,3.0,0.0,0.0,0.0,0.0,5.5,0.0,5.5,6.5
4644,1,0.5,1.5,3.0,-3.0,6.5,0.0,-5.5,0.0,5.5,9.0,-4.0,-9.0,0.0,0.0,0.0,6.5,0.0,-8.0,0.0
4664,1,0.5,1.5,3.0,3.0,0.0,4.0,5.5,0.0,0.0,0.0,4.0,0.0,0.0,0.0,6.5,6.5,0.0,8.0,9.0
4685,1,0.5,1.5,3.0,3.0,0.0,4.0,-5.5,0.0,0.0,0.0,4.0,0.0,0.0,0.0,0.0,6.5,0.0,5.5,6.5
4726,1,0.0,0.0,5.5,0.0,0.0,0.0,9.0,0.0,0.0,9.0,-5.5,0.0,0.0,8.0,0.0,9.0,0.0,0.0,0.0
4755,1,0.0,0.0,6.5,0.0,5.5,0.0,8.0,0.0,0.0,9.0,6.5,0.0,0.0,0.0,0.0,7.0,0.0,8.0,9.0
4770,1,0.0,0.0,-1.5,3.0,4.0,0.0,5.5,0.0,0.0,0.0,4.0,0.0,0.0,8.0,0.0,-8.0,0.0,5.5,6.5
4775,1,0.0,1.5,-5.5,3.0,0.0,2.0,13.0,14.0,0.0,0.0,6.5,14.0,0.0,0.0,4.0,13.0,14.0,-13.0,0.0
4780,1,0.0,0.0,0.0,0.0,0.0,0.0,0.0,0.0,0.0,0.0,0.0,0.0,0.0,0.0,0.0,-9.0,0.0,0.0,9.0
4815,1,0.0,0.0,0.0,0.0,0.0,0.0,0.0,0.0,0.0,0.0,0.0,0.0,0.0,5.5,0.0,4.0,6.5,0.0,0.0
4827,1,0.0,0.0,4.0,0.0,0.0,0.0,8.0,0.0,0.0,9.0,0.0,0.0,0.0,0.0,0.0,8.0,0.0,8.0,9.0
4896,1,0.0,0.0,0.0,0.0,0.0,0.0,0.0,0.0,0.0,0.0,0.0,0.0,6.5,0.0,0.0,8.0,9.0,0.0,6.5
4933,1,0.0,4.5,5.5,5.5,0.0,6.5,8.0,0.0,0.0,0.0,6.5,0.0,0.0,0.0,0.0,9.5,0.0,8.0,9.0
4969,1,0.0,0.0,0.0,0.0,0.0,4.0,6.5,0.0,0.0,0.0,5.5,0.0,0.0,0.0,0.0,-8.0,0.0,-8.0,9.0
4982,0,0.0,0.0,0.0,0.0,0.0,0.0,0.0,0.0,0.0,0.0,0.0,0.0,0.0,0.0,0.0,0.0,0.0,0.0,0.0
5049,1,0.5,1.5,3.0,3.0,4.0,0.0,5.5,0.0,0.0,0.0,4.0,0.0,0.0,0.0,0.0,8.0,0.0,5.5,6.5
5083,1,0.5,1.5,3.0,0.0,5.5,0.0,0.0,0.0,0.0,0.0,4.0,0.0,0.0,0.0,0.0,6.5,0.0,0.0,0.0
5101,1,0.0,0.0,4.0,4.0,5.5,0.0,6.5,0.0,0.0,0.0,5.5,0.0,0.0,0.0,0.0,8.0,0.0,8.0,9.0
5128,1,0.5,1.5,1.5,3.0,0.0,2.0,4.0,6.5,3.0,0.0,6.5,0.0,0.0,0.0,3.0,2.0,0.0,0.0,4.0
5132,1,0.0,0.0,0.5,-1.5,0.0,0.0,-3.0,0.0,3.0,4.0,1.5,0.0,0.0,5.5,0.0,3.0,0.0,0.0,0.0
5198,1,0.0,0.0,0.0,0.0,0.0,0.0,0.0,6.5,0.0,0.0,0.0,0.0,0.0,0.0,0.0,0.0,6.5,0.0,0.0
5206,1,1.5,0.0,3.0,3.0,4.0,0.0,6.5,0.0,0.0,0.0,4.0,0.0,0.0,8.0,0.0,8.0,0.0,5.5,6.5
5212,1,0.0,0.0,1.5,1.5,0.0,3.0,0.0,0.0,0.0,4.0,3.0,0.0,0.0,0.0,0.0,0.0,0.0,0.0,0.0
5247,1,0.0,0.0,0.0,0.0,0.0,4.0,5.5,0.0,0.0,0.0,4.0,0.0,0.0,0.0,0.0,8.0,0.0,5.5,6.5
5328,1,0.0,0.0,0.5,0.0,0.0,0.0,4.0,0.0,0.0,0.0,1.5,0.0,0.0,3.0,0.5,3.0,0.0,0.0,0.0
5340,1,0.0,0.5,1.5,1.5,0.0,3.0,5.5,6.5,0.0,4.0,4.0,4.0,0.0,0.0,0.0,0.0,0.0,0.0,0.0
5492,1,0.0,0.0,0.0,0.0,0.0,0.0,4.0,0.0,0.0,0.0,0.0,6.5,0.0,5.5,0.0,5.5,6.5,0.0,0.0
5511,0,0.0,0.0,11.5,11.5,0.0,0.0,13.0,0.0,0.0,0.0,13.0,0.0,0.0,0.0,0.0,0.0,0.0,0.0,14.0
5528,1,2.5,4.0,5.0,5.0,6.5,0.0,7.5,0.0,0.0,0.0,6.5,0.0,0.0,0.0,0.0,10.0,0.0,9.0,10.0
5532,1,0.0,0.0,0.0,0.0,0.0,0.0,0.0,0.0,0.0,0.0,0.0,0.0,0.0,0.0,0.0,0.0,0.0,5.5,6.5
5561,0,0.0,-3.0,-3.0,0.0,0.0,0.0,0.0,0.0,0.0,0.0,0.0,0.0,0.0,0.0,0.0,0.0,0.0,0.0,0.0
5575,1,0.0,1.5,3.0,3.0,8.0,0.0,10.5,0.0,0.0,0.0,8.0,0.0,0.0,0.0,0.0,9.0,0.0,10.5,9.0
5586,1,0.0,0.5,1.5,1.5,0.0,3.0,5.5,9.0,5.5,4.0,3.0,6.5,0.0,0.0,0.0,4.0,0.0,0.0,0.0
5589,0,-3.0,0.0,5.0,5.5,0.0,0.0,0.0,0.0,0.0,0.0,0.0,0.0,0.0,0.0,0.0,0.0,0.0,0.0,0.0
5609,0,0.0,0.0,0.0,0.0,0.0,0.0,0.0,0.0,0.0,0.0,0.0,0.0,0.0,0.0,0.0,0.0,0.0,0.0,0.0
5642,0,0.0,0.5,-5.5,-3.0,0.0,0.0,0.0,0.0,0.0,0.0,0.0,0.0,0.0,0.0,0.0,0.0,0.0,0.0,0.0
5678,1,0.0,0.0,0.5,0.0,0.0,0.5,3.0,4.0,5.5,0.0,1.5,1.5,0.0,0.0,1.5,3.0,4.0,0.0,0.0
5780,1,0.0,0.0,1.5,0.5,0.0,1.5,4.0,0.0,3.0,6.5,3.0,0.0,0.0,0.0,0.0,5.5,0.0,0.0,0.0
5785,1,0.0,0.5,1.5,1.5,0.0,3.0,5.5,6.5,8.0,0.0,3.0,6.5,9.0,0.0,0.0,0.0,0.0,5.5,6.5
5912,1,0.5,1.5,3.0,3.0,0.0,4.0,5.5,0.0,0.0,0.0,4.0,0.0,0.0,0.0,0.0,4.5,0.0,8.0,6.5
5937,0,0.0,0.0,0.0,0.0,0.0,0.0,-0.5,0.0,0.0,0.0,0.0,0.0,0.0,0.0,0.0,0.0,0.5,0.0,0.0
5954,1,0.0,0.0,0.5,0.0,0.0,0.0,0.0,11.5,0.0,0.0,1.5,0.0,-11.5,0.0,0.0,13.0,0.0,0.0,0.0
5992,1,0.5,1.5,4.0,-3.0,0.0,6.5,10.5,0.0,0.0,0.0,6.5,0.0,0.0,0.0,0.0,12.0,0.0,8.0,9.0
6032,1,0.0,0.5,0.5,1.5,0.0,3.0,3.0,4.0,0.0,0.0,1.5,0.0,0.0,0.0,0.0,0.0,4.0,0.0,0.0
6050,1,0.0,0.0,0.0,0.0,0.0,4.0,4.0,6.5,0.0,0.0,0.0,6.5,4.0,5.5,0.0,0.0,4.0,0.0,0.0
6052,1,0.5,1.5,3.0,3.0,0.0,4.0,5.5,0.0,0.0,0.0,4.0,0.0,0.0,0.0,0.0,8.0,0.0,5.5,6.5
6057,1,0.5,3.0,4.0,4.0,0.0,5.5,6.5,0.0,0.0,0.0,-5.5,0.0,0.0,0.0,0.0,-9.0,0.0,8.0,9.0
6117,1,0.0,0.0,5.5,5.5,0.0,0.0,0.0,0.0,0.0,0.0,6.5,0.0,0.0,0.0,8.0,9.0,0.0,0.0,0.0
6205,1,0.0,0.5,1.5,1.5,0.0,4.0,4.0,0.0,3.0,4.0,3.0,6.5,9.0,0.0,0.0,7.0,0.0,0.0,0.0
6291,0,-0.5,0.0,0.0,0.0,0.0,0.0,0.0,0.0,0.0,0.0,0.0,0.0,0.0,0.0,0.0,0.0,0.0,0.0,0.0
6296,0,0.5,1.5,0.0,0.0,0.0,0.0,0.0,0.0,0.0,0.0,0.0,0.0,0.0,0.0,0.0,0.0,0.0,0.0,0.0
6377,1,0.0,0.0,0.5,0.5,2.0,0.0,3.0,0.0,0.0,0.0,2.0,0.0,0.0,0.0,0.0,4.5,0.0,4.5,5.5
6378,1,0.0,0.0,3.0,0.0,0.0,3.0,5.5,0.0,5.5,4.0,4.0,4.0,0.0,0.0,0.0,5.5,0.0,0.0,0.0
6419,1,0.0,0.0,4.0,3.0,0.0,1.5,6.5,0.0,8.0,0.0,4.0,0.0,0.0,0.0,0.0,5.5,0.0,8.0,-9.0
6456,1,0.0,0.0,0.5,0.0,0.0,0.5,3.0,0.0,0.0,0.0,1.5,1.5,0.0,0.0,1.5,3.0,6.5,0.0,0.0
6507,1,0.0,0.0,3.0,3.0,4.0,0.0,0.0,0.0,0.0,0.0,5.5,0.0,0.0,0.0,0.0,4.5,0.0,0.0,0.0
6520,0,0.0,0.0,0.0,0.0,0.0,0.0,5.5,0.0,0.0,0.0,4.0,0.0,0.0,0.0,0.0,0.0,0.0,0.0,0.0
6527,1,0.5,1.5,4.0,3.0,0.0,4.0,0.0,0.0,0.0,0.0,6.5,0.0,0.0,0.0,0.0,-5.5,0.0,0.0,0.0
6560,1,0.5,1.5,3.0,5.5,0.0,4.0,-8.0,0.0,0.0,6.5,5.5,6.5,0.0,0.0,0.0,0.0,0.0,0.0,0.0
6573,1,0.5,1.5,3.0,3.0,0.0,3.0,-5.5,0.0,0.0,-4.0,-4.0,9.0,0.0,0.0,0.0,-5.5,0.0,-8.0,0.0
6640,1,0.0,4.0,3.0,0.0,5.5,0.0,5.5,0.0,5.5,6.5,-4.0,6.5,0.0,0.0,0.0,-8.0,-9.0,-8.0,0.0
6667,1,0.0,0.0,0.0,0.0,0.0,0.0,3.0,0.0,3.0,1.5,1.5,0.0,0.0,0.0,0.0,4.0,0.0,3.0,0.0
6671,1,0.0,0.0,0.5,0.5,0.0,1.5,3.0,0.0,0.0,0.0,1.5,0.0,0.0,0.0,0.0,2.0,0.0,3.0,4.0
6797,1,0.0,0.0,4.0,0.0,0.0,0.0,5.5,0.0,8.0,6.5,0.0,0.0,0.0,5.5,0.0,6.5,0.0,0.0,0.0
6902,1,0.0,0.0,0.0,0.0,0.0,3.0,5.5,0.0,0.0,0.0,4.0,0.0,6.5,0.0,5.5,5.5,6.5,0.0,0.0
6935,1,0.0,0.0,0.0,0.0,0.0,0.0,9.0,0.0,0.0,0.0,6.5,0.0,0.0,0.0,0.0,9.0,0.0,8.0,9.0
6961,1,0.0,0.0,1.5,0.5,0.0,1.5,3.0,4.0,5.5,0.0,1.5,0.0,0.0,0.0,4.0,3.0,4.0,5.5,0.0
7009,1,0.0,0.0,9.0,6.5,0.0,-7.0,11.5,0.0,0.0,0.0,8.0,0.0,0.0,0.0,0.0,-10.5,0.0,-10.5,-11.5
7025,1,0.0,0.0,9.0,0.5,0.0,2.0,-3.0,0.0,0.0,0.0,1.5,0.0,1.5,0.0,5.5,2.0,14.0,0.0,0.0
7074,1,0.0,0.0,0.5,0.0,0.0,0.0,4.0,0.0,0.0,0.0,1.5,1.5,4.0,0.0,0.0,3.0,4.0,0.0,0.0
7088,1,0.0,0.0,0.0,0.0,0.0,0.0,0.0,0.0,0.0,0.0,0.0,0.0,0.0,0.0,0.0,0.0,10.5,0.0,10.5
7093,1,0.0,0.0,3.0,3.0,0.0,4.0,0.0,0.0,0.0,0.0,4.0,0.0,0.0,8.0,0.0,5.5,0.0,0.0,0.0
7116,1,0.0,0.0,0.0,0.0,0.0,0.0,6.5,0.0,8.0,9.0,0.0,0.0,0.0,8.0,0.0,9.0,0.0,8.0,9.0
7162,1,0.0,0.0,0.0,0.0,0.0,0.0,4.5,0.0,0.0,5.5,3.0,0.0,0.0,0.0,7.0,3.5,5.5,4.5,5.5
7206,1,1.5,0.0,11.5,0.0,0.0,0.0,13.0,0.0,0.0,0.0,11.5,14.0,11.5,0.0,0.0,-13.0,0.0,13.0,-14.0
7232,1,-2.0,9.0,11.5,9.5,0.0,10.5,13.0,0.0,0.0,-14.0,11.5,0.0,0.0,0.0,11.5,12.0,0.0,0.0,0.0
7241,1,0.0,0.0,6.5,0.0,0.0,0.0,9.0,-11.5,0.0,0.0,8.0,0.0,6.5,10.5,0.0,-10.5,0.0,0.0,0.0
7255,1,0.0,0.0,0.0,0.0,0.0,0.0,0.0,0.0,0.0,0.0,0.0,0.0,0.0,0.0,0.0,8.0,0.0,0.0,6.5
7257,1,0.0,0.0,0.0,0.0,0.0,0.0,8.0,0.0,0.0,0.0,0.0,0.0,0.0,0.0,0.0,8.0,0.0,0.0,0.0
7291,0,13.0,14.0,0.0,0.0,0.0,0.0,0.0,0.0,0.0,0.0,0.0,0.0,0.0,0.0,0.0,0.0,0.0,0.0,0.0
7334,1,0.0,0.0,1.5,0.5,0.0,1.5,4.0,0.0,3.0,4.0,3.0,0.0,0.0,5.5,0.0,0.0,0.0,0.0,0.0
7354,1,0.0,0.5,3.0,1.5,0.0,3.0,5.5,9.0,0.0,0.0,4.0,0.0,9.0,0.0,8.0,4.0,0.0,0.0,0.0
7357,1,0.0,0.0,0.0,0.0,0.0,0.0,8.0,5.5,0.0,0.0,8.0,-5.5,0.0,0.0,0.0,0.0,0.0,0.0,0.0
7373,1,0.0,0.0,4.0,0.0,0.0,0.0,5.5,0.0,0.0,0.0,4.0,0.0,0.0,0.0,0.0,-11.5,0.0,8.0,9.0
7391,1,0.0,0.0,0.0,0.0,0.0,10.5,9.0,11.5,0.0,0.0,0.0,0.0,0.0,0.0,0.0,9.5,0.0,0.0,0.0
7409,0,0.0,0.0,0.0,14.0,0.0,0.0,0.0,-14.0,0.0,0.0,0.0,0.0,0.0,0.0,-13.0,0.0,14.0,0.0,0.0
7418,1,0.0,0.0,0.0,0.0,0.0,0.0,0.0,0.0,0.0,0.0,0.0,0.0,0.0,0.0,11.5,0.0,0.0,0.0,0.0
7429,1,0.0,0.0,0.5,0.5,0.0,1.5,4.0,0.0,3.0,4.0,1.5,4.0,0.0,0.0,3.0,3.0,4.0,0.0,0.0
7532,1,0.0,0.0,0.0,0.0,0.0,0.0,5.5,0.0,0.0,0.0,0.0,0.0,5.5,0.0,0.0,6.0,0.0,0.0,5.5
7625,0,0.0,1.5,3.0,-3.0,0.0,0.0,0.0,0.0,0.0,0.0,0.0,0.0,0.0,0.0,0.0,0.0,0.0,0.0,0.0
7664,1,0.0,0.5,3.0,1.5,0.0,3.0,0.0,0.0,0.0,6.5,-4.0,0.0,0.0,5.5,0.0,0.0,0.0,0.0,0.0
7670,1,0.0,0.5,3.0,1.5,0.0,3.0,4.0,0.0,0.0,0.0,5.5,0.0,0.0,0.0,4.0,5.5,6.5,0.0,0.0
7760,1,0.0,0.0,0.0,3.0,0.0,5.5,6.5,0.0,0.0,0.0,4.0,0.0,0.0,0.0,0.0,-8.0,9.0,0.0,0.0
7768,1,0.0,0.0,6.5,0.0,0.0,0.0,-8.0,0.0,0.0,0.0,6.5,0.0,0.0,0.0,0.0,7.0,0.0,8.0,9.0
7785,1,0.0,0.0,8.0,0.0,0.0,0.0,0.0,0.0,0.0,0.0,9.0,0.0,0.0,0.0,0.0,9.5,0.0,0.0,0.0
7788,1,0.0,0.0,3.0,0.5,0.0,1.5,5.5,0.0,0.0,0.0,3.0,0.0,0.0,8.0,8.0,5.5,9.0,8.0,0.0
7810,1,0.0,0.5,1.5,1.5,0.0,3.0,4.0,0.0,0.0,0.0,3.0,0.0,0.0,0.0,0.0,8.0,0.0,5.5,6.5
7819,1,0.0,0.0,0.0,0.0,0.0,0.0,5.5,0.0,0.0,0.0,4.0,0.0,6.5,0.0,0.0,-5.5,0.0,5.5,6.5
7827,1,0.0,0.0,4.0,6.5,0.0,4.0,8.0,0.0,8.0,0.0,5.5,0.0,0.0,0.0,0.0,9.0,0.0,5.5,9.0
7829,0,0.0,0.0,6.5,6.5,0.0,-6.5,0.0,0.0,0.0,0.0,-8.0,0.0,0.0,0.0,0.0,7.0,0.0,-8.0,0.0
7837,1,0.0,0.0,0.0,0.0,0.0,0.0,0.5,1.5,0.0,0.0,0.0,0.0,0.0,0.0,0.0,0.0,0.0,3.0,0.0
7850,1,0.0,0.5,1.5,1.5,0.0,4.0,0.0,0.0,0.0,-6.5,4.0,0.0,0.0,0.0,0.0,0.0,0.0,5.5,0.0
7853,1,0.0,0.0,0.0,0.0,0.0,0.0,0.0,0.0,0.0,0.0,0.0,0.0,0.0,0.0,0.0,0.0,9.0,0.0,0.0
7882,1,0.0,0.0,0.0,0.0,0.0,0.0,0.0,0.0,0.0,0.0,0.0,6.5,0.0,0.0,0.0,9.0,0.0,0.0,6.5
7904,1,0.0,0.0,4.0,0.0,0.0,0.0,0.0,0.0,8.0,0.0,5.5,0.0,0.0,0.0,0.0,-6.5,0.0,0.0,0.0
7923,1,0.0,0.0,0.5,0.0,0.0,0.5,3.0,0.0,0.0,0.0,1.5,0.0,1.5,0.0,0.0,4.0,0.0,3.0,4.0
7926,1,0.0,0.0,1.5,0.5,0.0,1.5,4.0,0.0,8.0,9.0,3.0,0.0,0.0,0.0,0.0,5.5,0.0,0.0,0.0
8027,0,0.0,0.0,0.0,3.0,4.0,0.0,0.0,0.0,0.0,0.0,0.0,0.0,0.0,0.0,0.0,0.0,0.0,0.0,0.0
8084,1,1.5,3.0,4.0,4.0,0.0,4.5,8.0,0.0,8.0,-6.5,5.5,0.0,6.5,0.0,8.0,7.0,0.0,5.5,0.0
8104,1,0.0,0.0,4.0,4.5,0.0,5.5,6.5,0.0,0.0,0.0,5.5,0.0,0.0,0.0,0.0,-8.0,0.0,8.0,9.0
8108,1,0.0,0.5,9.0,1.5,0.0,3.0,4.0,0.0,0.0,4.0,3.0,0.0,0.0,0.0,0.0,5.5,0.0,5.5,6.5
8132,1,0.0,0.0,0.0,0.0,0.0,4.0,5.5,0.0,5.5,0.0,4.0,0.0,0.0,8.0,0.0,5.5,6.5,5.5,0.0
8142,1,0.0,0.5,3.0,1.5,0.0,3.0,5.5,0.0,0.0,0.0,4.0,0.0,0.0,0.0,0.0,8.0,0.0,5.5,6.5
8146,0,0.0,-3.0,0.0,0.0,0.0,0.0,0.0,0.0,0.0,0.0,0.0,0.0,0.0,0.0,0.0,0.0,0.0,0.0,0.0
8169,1,0.0,0.0,0.0,0.0,0.0,1.5,0.0,0.0,0.0,0.0,4.0,0.0,0.0,8.0,0.0,9.0,0.0,0.0,0.0
8190,1,0.0,0.5,2.0,1.0,2.0,0.0,5.5,0.0,0.0,0.0,3.0,0.0,0.0,4.5,3.0,5.5,0.0,4.5,0.0
8211,1,0.0,0.0,0.5,0.5,0.0,2.0,-7.0,0.0,0.0,0.0,4.5,0.0,0.0,0.0,0.0,8.0,0.0,7.0,5.5
8251,1,0.0,0.5,1.5,1.5,0.0,3.0,6.5,0.0,0.0,0.0,4.0,9.0,4.0,0.0,0.0,5.5,0.0,5.5,6.5
8273,1,0.0,0.0,8.0,0.0,0.0,8.0,13.0,0.0,0.0,0.0,-9.0,0.0,0.0,0.0,0.0,13.0,0.0,10.5,-9.0
8290,1,0.0,1.5,3.0,3.0,0.0,4.0,5.5,0.0,0.0,0.0,4.0,0.0,0.0,0.0,0.0,6.5,0.0,5.5,6.5
8293,1,0.0,3.0,4.0,4.0,5.5,0.0,6.5,0.0,0.0,0.0,5.5,0.0,0.0,0.0,0.0,11.5,0.0,10.5,11.5
8313,1,0.5,2.0,7.0,4.5,0.0,4.5,5.5,8.0,0.0,5.5,4.5,0.0,0.0,7.0,0.0,8.0,0.0,7.0,0.0
8322,1,0.0,0.0,0.0,0.0,0.0,0.0,0.0,0.0,0.0,6.5,0.0,0.0,6.5,0.0,4.0,0.0,4.0,0.0,0.0
8342,0,0.0,0.0,0.0,0.0,0.0,0.0,0.0,0.0,0.0,0.0,0.0,0.0,0.0,0.0,0.0,0.0,0.0,0.0,0.0
8359,1,0.0,0.0,0.0,0.0,0.0,0.0,0.0,0.0,0.0,0.0,0.0,0.0,0.0,0.0,0.0,0.0,0.0,0.0,11.5
8418,1,0.0,0.0,-8.0,5.5,0.0,6.5,9.0,0.0,0.0,0.0,6.5,0.0,-9.0,8.0,0.0,-10.5,0.0,0.0,0.0
8426,1,0.0,0.0,4.0,0.0,4.0,0.0,0.0,0.0,0.0,0.0,6.5,0.0,0.0,5.5,0.0,5.5,6.5,0.0,0.0
8430,0,0.0,0.0,8.0,0.0,0.0,0.0,0.0,0.0,0.0,0.0,0.0,0.0,0.0,0.0,0.0,0.0,0.0,0.0,0.0
8439,1,0.0,0.0,1.5,0.5,3.0,0.0,4.0,0.0,0.0,4.0,3.0,0.0,6.5,5.5,0.0,5.5,0.0,0.0,0.0
8449,1,0.0,0.0,0.5,-0.5,2.0,0.0,-11.5,0.0,10.5,0.0,11.5,0.0,0.0,0.0,11.5,0.0,0.0,0.0,0.0
8457,1,0.0,0.0,0.0,3.0,0.0,-3.0,-7.0,0.0,0.0,-5.5,0.0,5.5,0.0,0.0,0.0,0.0,0.0,4.5,0.0
8473,1,0.5,1.5,3.0,3.0,0.0,4.0,-8.0,0.0,0.0,0.0,4.0,0.0,0.0,0.0,0.0,7.0,0.0,5.5,6.5
8482,1,0.0,0.0,0.0,0.0,6.5,0.0,-8.0,0.0,0.0,0.0,0.0,0.0,0.0,0.0,8.0,-6.5,0.0,-8.0,-9.0
8497,1,0.0,4.0,4.0,0.0,8.0,0.0,-6.5,0.0,0.0,0.0,6.5,0.0,0.0,0.0,0.0,-9.0,0.0,-8.0,-9.0
8518,1,0.5,1.5,3.0,2.0,0.0,3.0,5.5,6.5,0.0,9.0,8.0,0.0,0.0,5.5,0.0,9.0,0.0,5.5,0.0
8529,1,0.0,0.5,1.5,1.5,0.0,3.0,5.5,0.0,0.0,0.0,3.0,0.0,0.0,0.0,0.0,4.0,0.0,3.0,4.0
8551,0,0.0,0.0,3.0,0.0,0.0,1.5,0.0,0.0,0.0,0.0,-3.0,0.0,0.0,0.0,0.0,0.0,0.0,0.0,0.0
8594,1,0.0,1.5,4.0,4.0,5.5,0.0,0.0,0.0,0.0,0.0,5.0,0.0,0.0,6.5,0.0,-5.5,0.0,0.0,0.0
8661,1,0.0,0.0,0.0,0.0,0.0,0.0,0.0,0.0,0.0,0.0,0.0,0.0,0.0,0.0,0.0,0.0,6.5,0.0,0.0
8692,1,0.5,1.5,3.0,3.0,4.0,0.0,8.0,0.0,0.0,0.0,4.0,0.0,0.0,0.0,0.0,7.0,0.0,5.5,6.5
8729,1,0.0,0.5,5.5,0.0,0.0,0.0,9.0,0.0,0.0,0.0,6.5,0.0,0.0,0.0,9.0,9.0,0.0,8.0,9.0
8739,1,0.0,0.5,1.5,1.5,0.0,3.0,4.0,0.0,0.0,0.0,3.0,0.0,0.0,0.0,0.0,5.5,6.5,0.0,0.0
8776,0,0.0,0.0,10.5,0.0,0.0,0.0,13.0,0.0,0.0,0.0,11.5,0.0,0.0,0.0,0.0,0.0,0.0,-13.0,14.0
8873,0,0.5,0.0,0.0,0.0,0.0,0.0,0.0,0.0,0.0,0.0,0.0,0.0,0.0,0.0,0.0,0.0,0.0,0.0,0.0
8878,1,9.5,0.0,-2.0,0.0,0.0,0.5,0.0,0.0,0.0,0.0,5.5,0.0,0.0,-4.5,0.0,-7.0,-8.0,0.0,0.0
8909,1,0.0,0.0,0.0,0.0,0.0,0.0,0.0,0.0,0.0,0.0,0.0,0.0,0.0,0.0,0.0,-9.5,0.0,10.5,9.0
8928,1,0.0,3.0,4.0,4.0,5.5,0.0,8.0,0.0,8.0,0.0,5.5,0.0,0.0,0.0,0.0,-9.0,0.0,8.0,9.0
8971,1,0.0,0.0,2.0,0.0,0.0,0.0,4.5,0.0,4.5,0.0,3.0,0.0,0.0,0.0,0.0,3.5,0.0,4.5,5.5
8983,1,0.0,0.0,0.0,0.0,0.0,0.0,0.0,0.0,0.0,0.0,0.0,0.0,0.0,0.0,0.0,8.0,0.0,0.0,6.5
9016,1,0.0,0.0,0.0,0.0,0.0,0.0,0.0,6.5,0.0,0.0,0.0,6.5,6.5,0.0,0.0,0.0,6.5,0.0,0.0
9031,1,0.0,0.0,1.5,1.5,3.0,0.0,4.0,0.0,0.0,0.0,3.0,6.5,0.0,0.0,0.0,-5.5,0.0,5.5,6.5
9038,1,0.0,0.5,1.5,1.5,4.0,0.0,0.0,0.0,0.0,0.0,3.0,0.0,0.0,0.0,0.0,4.0,0.0,0.0,0.0
9039,0,0.0,0.0,13.0,0.0,0.0,14.0,0.0,0.0,0.0,0.0,14.0,0.0,0.0,0.0,0.0,0.0,0.0,0.0,0.0
9064,1,0.0,0.5,1.5,1.5,0.0,3.0,4.0,6.5,3.0,4.0,3.0,6.5,9.0,0.0,8.0,5.5,0.0,0.0,0.0
9080,1,0.0,0.0,5.5,4.0,0.0,3.0,-8.0,0.0,0.0,0.0,5.5,0.0,0.0,0.0,5.5,-8.0,0.0,-8.0,11.5
9088,0,0.0,1.5,3.0,3.0,0.0,0.0,0.0,0.0,0.0,0.0,4.0,0.0,0.0,0.0,0.0,0.0,0.0,0.0,0.0
9160,1,0.0,-4.0,4.0,5.5,6.5,0.0,-8.0,0.0,0.0,0.0,-6.5,0.0,0.0,0.0,0.0,-9.0,0.0,8.0,9.0
9241,1,0.0,0.0,0.5,0.0,0.0,0.5,6.5,0.0,0.0,0.0,-6.5,0.0,6.5,0.0,0.0,-6.5,0.0,0.0,0.0
9255,1,0.0,0.0,0.0,0.0,1.5,0.0,1.5,0.0,0.0,0.0,0.5,0.0,0.0,0.0,0.0,0.5,0.0,0.5,1.5
9318,1,0.0,3.0,6.5,8.0,0.5,0.0,10.5,0.0,0.0,0.0,8.0,0.0,0.0,0.0,0.0,11.5,0.0,10.5,9.0
9334,1,0.0,0.0,0.5,0.0,0.0,0.0,3.0,4.0,0.0,6.5,1.5,4.0,0.0,0.0,5.5,5.5,6.5,0.0,0.0
9341,1,0.0,0.0,-3.0,0.0,3.0,0.0,4.5,0.0,0.0,0.0,3.0,0.0,5.5,0.0,0.0,7.0,0.0,4.5,5.5
9355,0,0.0,0.5,3.0,1.5,0.0,0.0,0.0,0.0,0.0,0.0,0.0,0.0,0.0,0.0,0.0,0.0,0.0,0.0,0.0
9364,1,0.0,1.5,3.0,3.0,0.0,5.5,5.5,0.0,8.0,4.0,4.0,0.0,0.0,0.0,8.0,0.0,0.0,0.0,0.0
9378,0,0.5,1.5,1.5,2.0,0.0,0.0,0.0,0.0,0.0,0.0,0.0,0.0,0.0,0.0,0.0,0.0,0.0,0.0,0.0
9385,1,0.5,-1.5,5.5,3.0,0.0,5.5,8.0,0.0,0.0,0.0,4.0,0.0,0.0,0.0,9.0,6.5,0.0,5.5,-9.0
9417,1,0.5,1.5,0.0,2.0,0.0,3.0,-5.5,0.0,5.5,4.0,4.0,0.0,0.0,0.0,0.0,6.5,0.0,0.0,0.0
9421,1,0.0,0.0,0.5,0.0,0.0,0.5,-4.0,0.0,0.0,0.0,-6.5,0.0,0.0,0.0,-1.5,-3.0,0.0,0.0,0.0
9439,1,1.5,3.0,5.5,4.0,5.5,0.0,8.0,11.5,0.0,9.0,6.5,0.0,0.0,0.0,0.0,10.5,0.0,0.0,0.0
9440,1,0.5,1.5,3.0,3.0,0.0,4.0,5.5,0.0,0.0,0.0,4.0,0.0,0.0,5.5,0.0,8.0,0.0,0.0,0.0
9446,1,0.0,0.0,1.5,1.5,3.0,0.0,8.0,0.0,0.0,0.0,3.0,0.0,0.0,0.0,0.0,4.0,0.0,5.5,6.5
9451,1,5.5,0.0,5.5,4.0,0.0,0.0,8.0,0.0,0.0,0.0,-6.5,6.5,9.0,8.0,9.0,-10.5,0.0,0.0,0.0
9461,1,0.0,0.5,3.0,1.5,3.0,0.0,0.0,0.0,0.0,0.0,4.0,0.0,0.0,8.0,0.0,8.0,0.0,0.0,0.0
9494,1,0.0,0.5,1.5,1.5,6.5,0.0,6.5,0.0,0.0,0.0,3.0,0.0,0.0,5.5,0.0,-5.5,0.0,3.0,4.0
9498,1,0.0,0.0,5.5,0.0,0.0,4.0,8.0,0.0,10.5,-9.0,6.5,9.0,0.0,0.0,0.0,8.0,0.0,0.0,0.0
9548,1,0.5,1.5,3.0,3.0,4.0,0.0,5.5,0.0,0.0,0.0,4.0,0.0,0.0,0.0,0.0,8.0,0.0,5.5,6.5
9574,1,0.0,0.0,1.5,0.5,0.0,1.5,3.0,0.0,0.0,0.0,1.5,0.0,0.0,0.0,0.0,5.5,0.0,5.5,4.0
9610,1,0.0,0.5,1.5,1.5,0.0,1.5,4.0,0.0,0.0,0.0,3.0,0.0,0.0,0.0,0.0,5.5,0.0,5.5,4.0
9621,0,0.0,0.0,0.0,0.0,0.0,0.0,0.0,0.0,0.0,10.5,0.0,0.0,0.0,0.0,0.0,0.0,0.0,0.0,0.0
9655,1,0.0,0.0,0.0,0.0,0.0,0.0,0.0,0.0,0.0,0.0,0.0,0.0,0.0,5.5,0.0,5.5,6.5,0.0,0.0
9667,0,0.0,0.0,0.0,0.0,0.0,0.0,6.5,0.0,0.0,0.0,-10.5,0.0,0.0,0.0,0.0,0.0,0.0,0.0,0.0
9686,1,0.5,2.0,7.0,3.0,0.0,3.0,5.5,8.0,0.0,5.5,4.5,0.0,0.0,7.0,0.0,4.5,0.0,7.0,0.0
9736,1,0.0,0.0,4.0,4.0,0.0,5.5,8.0,0.0,0.0,0.0,5.5,0.0,0.0,0.0,0.0,8.0,0.0,5.5,6.5
9767,1,0.0,1.5,1.5,3.0,0.0,0.0,5.5,6.5,8.0,9.0,3.0,6.5,9.0,0.0,0.0,8.0,0.0,0.0,0.0
9803,1,0.5,1.5,1.5,3.0,0.0,3.0,0.0,0.0,0.0,0.0,4.0,0.0,0.0,0.0,0.0,4.5,0.0,0.0,0.0
9819,1,0.5,1.5,3.0,2.0,0.0,3.0,-9.0,0.0,0.0,-9.0,4.0,0.0,0.0,0.0,0.0,-8.0,0.0,0.0,0.0
9888,1,0.0,0.0,1.5,0.5,0.0,0.0,3.0,4.0,0.0,6.5,0.0,4.0,0.0,0.0,0.0,5.5,0.0,0.0,0.0
10052,1,0.0,0.0,0.0,0.0,0.0,0.0,4.0,0.0,0.0,0.0,0.0,0.0,0.0,0.0,0.0,5.5,0.0,0.0,6.5
10057,1,0.0,0.0,8.0,0.0,0.0,0.0,0.0,0.0,-10.5,0.0,13.0,-11.5,11.5,0.0,11.5,0.0,0.0,0.0,0.0
10080,1,0.0,0.0,2.5,0.0,0.0,1.5,4.0,5.0,0.0,5.0,0.0,0.0,0.0,0.0,0.0,4.0,5.0,0.0,0.0
10137,1,0.0,0.5,1.5,1.5,0.0,3.0,5.5,6.5,0.0,0.0,3.0,6.5,0.0,0.0,0.0,0.0,0.0,0.0,0.0
10145,1,0.0,0.0,0.0,0.0,0.0,0.0,2.5,0.0,4.0,0.0,2.5,0.0,0.0,4.0,0.0,-1.5,2.5,0.0,0.0
10163,1,0.5,1.5,3.0,3.0,0.0,-4.0,5.5,0.0,0.0,0.0,4.0,0.0,0.0,8.0,0.0,-4.5,0.0,0.0,0.0
10191,1,0.0,5.5,0.5,6.5,0.0,0.5,1.5,4.0,0.0,0.0,1.5,6.5,0.0,0.0,0.0,3.0,4.0,0.0,0.0
10275,0,9.5,0.0,0.0,0.0,0.0,0.0,0.0,0.0,0.0,0.0,0.0,0.0,0.0,0.0,0.0,0.0,0.0,0.0,0.0
10302,1,0.0,0.0,0.0,0.0,0.0,0.0,0.5,0.0,0.5,1.5,0.0,0.0,0.0,0.0,0.0,0.5,0.0,0.0,0.0
10316,1,0.5,3.0,5.5,5.5,0.0,6.5,9.0,0.0,10.5,0.0,6.5,0.0,0.0,0.0,0.0,9.0,0.0,8.0,9.0
10372,1,0.0,0.0,1.5,3.0,5.5,0.0,6.5,0.0,0.0,0.0,3.0,0.0,0.0,0.0,0.0,8.0,0.0,5.5,6.5
10422,1,0.0,0.0,0.0,0.0,0.0,0.0,0.0,0.0,0.0,0.0,0.0,0.0,0.0,0.0,0.0,0.0,10.5,0.0,0.0
10455,1,0.0,0.5,4.0,1.5,0.0,3.0,8.0,0.0,0.0,6.5,6.5,0.0,0.0,0.0,4.0,4.5,0.0,8.0,9.0
10466,0,0.0,0.0,13.0,0.0,0.0,0.0,0.0,0.0,0.0,0.0,-13.0,0.0,0.0,0.0,0.0,0.0,0.0,0.0,0.0
10484,0,0.0,3.0,0.0,2.5,0.0,3.0,0.0,0.0,0.0,0.0,0.0,0.0,0.0,0.0,0.0,0.0,0.0,0.0,0.0
10488,1,1.5,0.0,3.0,3.0,0.0,3.0,4.0,0.0,8.0,4.0,4.0,0.0,0.0,0.0,0.0,6.5,0.0,0.0,0.0
10501,1,0.0,0.0,9.5,0.0,0.0,0.0,0.0,0.0,0.0,0.0,-9.5,0.0,0.0,9.5,0.0,-8.5,0.0,0.0,0.0
10515,1,0.0,0.0,3.0,0.0,0.0,2.0,-4.5,0.0,0.0,0.0,3.0,0.0,0.0,0.0,0.0,5.5,0.0,4.5,5.5
10518,0,0.5,1.5,0.0,0.0,0.0,0.0,0.0,0.0,0.0,0.0,0.0,0.0,0.0,0.0,0.0,0.0,0.0,0.0,0.0
10586,1,0.0,0.0,0.0,6.5,8.0,0.0,0.0,0.0,0.0,0.0,6.5,0.0,0.0,5.5,0.0,5.5,6.5,0.0,0.0
10600,0,0.0,0.0,0.0,0.0,0.0,0.0,0.0,0.0,0.0,0.0,6.5,0.0,0.0,0.0,0.0,0.0,0.0,-8.0,0.0
10612,1,0.0,0.0,5.5,0.0,0.0,0.0,8.0,0.0,0.0,0.0,6.5,0.0,0.0,0.0,0.0,7.0,0.0,8.0,9.0
10640,1,0.0,0.0,0.0,0.0,0.0,0.0,0.0,0.0,0.0,0.0,0.0,0.0,0.0,0.0,0.0,8.0,0.0,0.0,6.5
10656,1,0.0,0.5,1.5,1.5,4.5,0.0,3.0,4.0,0.0,0.0,1.5,4.0,0.0,0.0,0.0,0.0,0.0,0.0,0.0
10691,1,0.5,1.5,6.5,0.0,0.0,0.0,10.5,0.0,0.0,0.0,8.0,0.0,0.0,0.0,0.0,9.0,0.0,-8.0,9.0
10710,1,0.0,1.5,3.0,2.0,3.0,0.0,0.0,0.0,0.0,0.0,5.5,0.0,0.0,8.0,0.0,4.0,0.0,0.0,0.0
10711,1,8.0,0.0,0.0,0.0,0.0,0.0,0.0,0.0,0.0,0.0,0.0,0.0,0.0,0.0,0.0,8.0,9.0,0.0,0.0
10729,1,0.0,0.0,4.0,0.0,0.0,0.0,8.0,0.0,0.0,0.0,5.5,6.5,4.0,0.0,0.0,5.5,6.5,0.0,0.0
10733,1,0.0,0.0,4.0,0.0,3.0,0.0,5.5,-9.0,8.0,0.0,4.0,0.0,0.0,0.0,0.0,8.0,0.0,0.0,0.0
10751,1,0.0,0.0,0.5,0.0,0.0,0.0,0.0,0.0,0.0,0.0,4.0,0.0,0.0,0.5,0.0,3.0,0.0,0.0,0.0
10755,0,0.0,0.0,0.0,0.0,0.0,0.0,0.0,0.0,0.0,0.0,0.0,0.0,0.0,0.0,0.0,0.0,0.0,0.0,0.0
10762,1,0.0,0.5,1.5,1.5,0.0,3.0,4.0,0.0,5.5,6.5,3.0,0.0,0.0,0.0,0.0,8.0,0.0,0.0,0.0
10765,1,0.0,0.0,1.5,0.5,0.0,1.5,5.5,0.0,0.0,9.0,3.0,0.0,0.0,5.5,0.0,6.5,0.0,0.0,0.0
10815,1,0.0,0.0,0.0,0.0,0.0,0.0,0.0,0.0,0.0,0.0,0.0,0.0,0.0,0.0,0.0,7.0,0.0,0.0,6.5
10841,1,0.0,0.0,1.5,0.0,2.5,0.0,2.5,0.0,0.0,0.0,1.5,0.0,0.0,0.0,0.0,3.0,0.0,1.5,2.5
10844,1,0.5,1.5,4.0,3.0,0.0,5.5,0.0,0.0,0.0,0.0,6.5,0.0,0.0,8.0,0.0,8.0,0.0,0.0,0.0
10858,1,0.0,0.0,1.5,0.5,0.0,3.0,0.0,0.0,8.0,0.0,3.0,4.0,0.0,0.0,0.0,5.5,0.0,0.0,0.0
10861,1,0.0,0.0,0.0,0.0,0.0,0.0,0.0,0.0,0.0,0.0,1.5,0.0,0.0,0.0,0.0,2.0,0.0,0.5,1.5
10877,1,0.0,0.0,0.5,0.5,0.0,3.0,4.0,0.0,0.0,0.0,1.5,0.0,0.0,5.5,0.0,5.5,-6.5,0.0,0.0
10900,1,0.0,0.0,-4.0,3.0,0.0,4.0,6.5,0.0,5.5,6.5,-4.0,0.0,0.0,0.0,0.0,-7.0,0.0,8.0,9.0
10907,1,0.5,0.0,3.0,2.0,0.0,2.0,5.5,0.0,0.0,4.0,0.0,0.0,6.5,0.0,0.0,4.0,0.0,0.0,0.0
10937,0,0.0,0.5,4.0,1.5,0.0,3.0,0.0,0.0,0.0,0.0,-3.0,4.0,0.0,0.0,0.0,0.0,0.0,0.0,0.0
10943,1,0.0,0.0,0.5,0.5,0.0,1.0,3.0,0.0,2.0,5.5,2.0,3.0,3.0,0.0,4.5,2.0,0.0,0.0,0.0
11027,1,0.0,0.0,0.5,0.0,0.0,0.0,2.0,0.0,0.0,0.0,0.5,0.0,0.5,0.0,3.0,2.0,0.0,0.0,0.0
11039,1,0.0,0.0,4.0,3.0,0.0,5.5,8.0,0.0,0.0,0.0,6.5,9.0,0.0,0.0,0.0,8.0,0.0,5.5,6.5
11071,1,0.0,0.0,6.5,0.0,0.0,0.0,8.0,0.0,0.0,9.0,8.0,6.5,0.0,8.0,6.5,7.0,0.0,0.0,0.0
11072,1,4.0,6.5,5.5,7.0,0.0,8.0,0.0,0.0,10.5,0.0,8.0,0.0,0.0,0.0,0.0,0.0,0.0,0.0,9.0
11077,1,0.5,1.5,3.0,3.0,4.0,0.0,5.5,0.0,0.0,0.0,4.0,0.0,0.0,0.0,0.0,7.0,0.0,5.5,6.5
11079,1,0.0,0.0,0.0,0.0,0.0,0.0,0.0,6.5,8.0,0.0,0.0,0.0,0.0,0.0,0.0,7.0,0.0,0.0,0.0
11093,1,0.0,0.0,8.0,8.0,0.0,0.0,0.0,0.0,0.0,0.0,0.0,0.0,0.0,10.5,0.0,-9.0,0.0,0.0,0.0
11122,0,0.0,4.0,5.0,0.0,0.0,0.0,0.0,0.0,0.0,0.0,0.0,0.0,0.0,0.0,0.0,0.0,0.0,0.0,0.0
11143,1,1.5,3.0,5.5,5.5,4.0,0.0,6.5,0.0,0.0,0.0,4.0,0.0,0.0,0.0,0.0,9.0,0.0,8.0,9.0
11145,1,1.5,3.0,4.0,4.0,7.0,0.0,6.5,0.0,0.0,0.0,-5.5,0.0,0.0,8.0,0.0,7.0,0.0,8.0,9.0
11161,1,0.0,0.0,0.0,0.0,0.0,0.0,0.0,0.0,0.0,9.0,0.0,0.0,0.0,0.0,0.0,0.0,0.0,0.0,0.0
11176,1,0.0,0.0,3.0,3.0,0.0,4.0,5.5,0.0,0.0,0.0,4.0,0.0,0.0,0.0,0.0,8.0,0.0,5.5,6.5
11180,0,0.0,-4.0,4.0,-5.5,0.0,-5.5,0.0,0.0,0.0,0.0,0.0,0.0,0.0,0.0,0.0,0.0,0.0,0.0,0.0
11186,1,0.0,0.0,0.0,0.0,0.0,-6.5,0.0,0.0,0.0,0.0,8.0,0.0,0.0,10.5,0.0,-8.0,0.0,0.0,0.0
11188,1,0.0,0.0,3.0,1.5,0.0,3.0,5.5,-6.5,5.5,4.0,4.0,0.0,0.0,0.0,0.0,6.5,0.0,0.0,0.0
11198,0,0.5,1.0,2.0,2.0,0.0,2.0,0.0,0.0,0.0,0.0,0.0,0.0,0.0,0.0,0.0,0.0,0.0,0.0,0.0
11240,1,0.5,-2.0,2.0,7.0,0.0,-4.5,10.5,0.0,12.0,0.0,4.5,0.0,0.0,12.0,10.5,-12.0,0.0,0.0,0.0
11275,1,0.0,0.0,0.0,0.0,0.0,0.0,9.0,0.0,0.0,0.0,10.5,0.0,0.0,10.5,0.0,0.0,0.0,0.0,9.0
11375,1,0.0,0.0,4.0,0.5,0.0,0.0,-8.0,0.0,5.5,0.0,5.5,0.0,6.5,-8.0,0.0,0.0,0.0,0.0,0.0
11400,0,0.0,0.0,-3.0,0.0,3.0,0.0,0.0,0.0,0.0,0.0,0.0,0.0,0.0,0.0,0.0,0.0,0.0,0.0,0.0
11407,1,0.0,4.0,5.5,6.5,5.5,0.0,10.5,11.5,0.0,0.0,6.5,0.0,11.5,0.0,0.0,9.0,0.0,8.0,9.0
11415,1,0.0,0.0,0.0,0.0,0.0,0.0,8.0,0.0,0.0,0.0,6.5,0.0,0.0,0.0,0.0,10.5,0.0,8.0,9.0
11470,1,0.0,0.0,3.0,0.5,0.0,1.5,9.0,0.0,5.5,0.0,3.0,0.0,0.0,0.0,0.0,8.0,0.0,0.0,0.0
11477,1,0.0,1.5,3.0,3.0,0.0,4.0,5.5,0.0,0.0,0.0,4.0,0.0,0.0,0.0,0.0,7.0,0.0,5.5,6.5
11507,1,0.0,0.0,0.5,1.5,2.5,0.0,1.5,0.0,3.0,1.5,0.5,0.0,0.0,3.0,0.0,1.5,0.0,0.0,0.0
11509,1,0.0,2.0,5.5,3.0,0.0,-4.0,8.0,9.0,0.0,0.0,6.5,9.0,11.5,10.5,0.0,8.0,9.0,0.0,0.0
11596,1,0.0,0.5,3.0,1.5,0.0,0.0,0.0,0.0,0.0,0.0,4.0,0.0,0.0,0.0,0.0,8.0,0.0,0.0,0.0
11636,1,0.0,0.0,0.0,0.0,0.0,0.0,0.0,0.0,0.0,0.0,0.0,0.0,0.0,0.0,0.0,0.0,10.5,0.0,0.0
11640,1,0.5,1.5,3.0,3.0,0.0,4.0,-6.5,0.0,8.0,0.0,-4.0,0.0,0.0,0.0,0.0,4.5,0.0,5.5,6.5
11716,0,0.5,0.0,0.0,0.0,0.0,0.0,0.0,0.0,0.0,0.0,0.0,0.0,0.0,0.0,0.0,0.0,0.0,0.0,0.0
11778,1,0.0,0.0,3.0,0.5,4.0,0.0,4.0,0.0,0.0,0.0,3.0,0.0,0.0,0.0,0.0,4.5,0.0,5.5,6.5
11793,1,0.0,0.0,0.0,0.0,0.0,0.0,6.5,0.0,0.0,0.0,0.0,0.0,9.0,8.0,0.0,7.0,0.0,8.0,0.0
11826,1,0.0,1.5,3.0,3.0,0.0,4.0,-6.5,0.0,8.0,9.0,4.0,0.0,0.0,0.0,0.0,6.5,9.0,8.0,0.0
11845,1,0.0,8.0,9.0,9.0,11.5,0.0,0.0,0.0,10.5,0.0,9.0,11.5,0.0,0.0,0.0,0.0,0.0,0.0,0.0
11863,0,0.5,1.5,3.0,3.0,0.0,0.0,0.0,0.0,0.0,0.0,0.0,0.0,0.0,0.0,0.0,0.0,0.0,0.0,0.0
11892,1,0.0,0.0,3.0,0.0,0.0,0.0,5.5,0.0,0.0,0.0,4.0,0.0,0.0,0.0,0.0,-8.0,0.0,5.5,6.5
11895,1,0.0,0.0,0.0,0.0,0.0,0.0,0.0,0.0,0.0,0.0,0.0,0.0,0.0,0.0,0.0,11.5,0.0,0.0,0.0
11907,1,0.5,1.5,3.0,3.0,0.0,4.0,5.5,0.0,0.0,0.0,4.0,0.0,0.0,0.0,0.0,6.5,0.0,5.5,4.0
11908,0,1.5,0.0,0.0,0.0,0.0,0.0,0.0,0.0,0.0,0.0,0.0,0.0,0.0,0.0,0.0,0.0,0.0,0.0,0.0
11910,0,0.5,1.5,1.5,3.0,0.0,4.0,4.0,0.0,0.0,0.0,3.0,0.0,0.0,0.0,0.0,4.0,0.0,0.0,0.0
11961,1,0.0,0.0,0.5,0.0,0.0,1.5,3.0,4.0,0.0,0.0,1.5,0.0,0.0,0.0,0.0,5.5,0.0,0.0,0.0
11982,1,0.0,0.0,1.5,0.5,3.0,0.0,4.0,0.0,0.0,0.0,3.0,0.0,0.0,0.0,0.0,0.0,0.0,5.5,6.5
12034,1,0.0,0.0,5.5,0.0,0.0,0.0,6.5,0.0,0.0,0.0,6.5,0.0,0.0,0.0,0.0,-8.0,0.0,8.0,9.0
12117,1,0.0,0.5,1.5,1.5,6.5,0.0,4.0,0.0,3.0,4.0,3.0,0.0,0.0,0.0,0.0,0.0,0.0,0.0,0.0
12131,1,0.0,1.5,3.0,3.0,0.0,4.0,5.5,0.0,0.0,0.0,4.0,0.0,0.0,5.5,8.0,8.0,9.0,0.0,0.0
12180,0,0.0,0.0,0.0,4.0,0.0,0.0,0.0,0.0,0.0,0.0,0.0,0.0,0.0,0.0,0.0,0.0,0.0,0.0,0.0
12184,1,0.0,0.0,0.0,0.0,0.0,0.0,1.5,0.0,5.5,0.0,1.5,0.0,0.0,0.0,0.0,0.0,0.0,0.0,0.0
12203,1,0.0,0.0,0.5,0.5,0.0,1.5,3.0,0.0,0.0,0.0,1.5,0.0,0.0,0.0,0.0,0.0,0.0,0.0,0.0
12207,1,0.0,0.0,0.0,0.0,0.0,0.0,6.5,0.0,0.0,0.0,0.0,0.0,0.0,0.0,0.0,9.0,0.0,8.0,9.0
12223,1,0.0,1.5,3.0,3.0,0.0,4.0,5.5,6.5,0.0,4.0,4.0,6.5,0.0,0.0,5.5,4.5,0.0,5.5,6.5
12254,1,0.0,0.0,6.5,0.0,0.0,0.0,8.0,0.0,0.0,-9.0,6.5,0.0,0.0,0.0,0.0,9.0,0.0,8.0,9.0
12280,1,0.0,0.0,0.0,0.0,0.0,0.0,0.0,9.0,0.0,0.0,0.0,0.0,0.0,0.0,0.0,0.0,0.0,0.0,0.0
12314,1,0.5,1.5,3.0,3.0,0.0,4.0,5.5,0.0,0.0,0.0,4.0,0.0,0.0,0.0,0.0,-8.0,0.0,5.5,6.5
12343,1,0.0,0.0,1.5,0.5,0.0,5.5,3.0,0.0,0.0,0.0,1.5,4.0,0.0,0.0,0.0,5.5,0.0,3.0,4.0
12396,1,0.0,0.0,1.5,1.5,0.5,0.0,3.0,4.0,3.0,0.0,1.5,4.0,0.0,0.0,0.0,2.0,4.0,0.0,0.0
12416,1,0.0,0.0,0.0,10.5,0.0,11.0,12.0,0.0,0.0,0.0,13.0,0.0,0.0,12.0,0.0,11.0,0.0,0.0,0.0
12428,1,0.5,1.5,3.0,3.0,0.0,4.0,-5.5,0.0,0.0,0.0,4.0,0.0,0.0,0.0,0.0,6.5,0.0,5.5,6.5
12463,1,0.5,-1.5,3.0,3.0,0.0,4.0,6.5,0.0,0.0,9.0,5.5,4.0,0.0,8.0,0.0,6.5,0.0,5.5,9.0
12531,1,0.0,0.0,0.5,0.0,0.0,0.0,3.0,0.0,0.0,0.0,1.5,0.0,0.0,0.0,0.0,4.0,0.0,3.0,4.0
12543,1,0.0,0.0,0.0,1.5,0.0,3.0,4.0,6.5,0.0,4.0,3.0,4.0,0.0,0.0,0.0,5.5,0.0,0.0,0.0
12609,1,0.5,1.5,3.0,2.0,0.0,3.0,5.5,6.5,0.0,0.0,4.0,0.0,0.0,5.5,0.0,9.0,0.0,5.5,0.0
12628,1,3.0,4.0,5.5,4.5,8.0,0.0,10.5,0.0,0.0,0.0,-6.5,0.0,0.0,0.0,0.0,9.0,0.0,8.0,9.0
12659,1,0.0,0.5,1.5,1.5,0.0,0.0,6.5,0.0,3.0,4.0,3.0,4.0,0.0,0.0,0.0,0.0,0.0,0.0,0.0
12691,1,0.0,0.0,0.0,0.0,0.0,0.0,9.0,0.0,5.5,-6.5,6.5,0.0,6.5,8.0,0.0,8.0,0.0,0.0,0.0
12718,1,0.0,0.0,2.0,0.0,0.0,0.0,0.5,0.0,4.5,0.0,0.0,8.0,0.0,0.0,0.0,-4.5,0.0,7.0,8.0
12750,1,0.0,0.5,3.0,1.5,3.0,0.0,0.0,0.0,0.0,0.0,3.0,0.0,0.0,0.0,0.0,5.5,-6.5,0.0,0.0
12772,0,0.5,-1.5,0.0,0.0,0.0,0.0,0.0,0.0,0.0,0.0,0.0,0.0,0.0,0.0,0.0,0.0,0.0,0.0,0.0
12819,1,0.0,0.0,0.0,0.5,0.0,0.0,1.5,0.0,0.0,0.0,0.5,4.0,0.0,3.0,0.0,-3.0,0.0,0.0,0.0
12822,0,-0.5,-1.5,0.0,0.0,0.0,0.0,0.0,0.0,0.0,0.0,0.0,0.0,0.0,0.0,0.0,0.0,0.0,0.0,0.0
12837,1,0.5,1.5,3.0,3.0,0.0,4.0,6.5,0.0,0.0,0.0,6.5,0.0,0.0,8.0,0.0,8.0,9.0,0.0,0.0
12841,1,0.0,0.0,0.0,0.0,0.0,0.0,5.5,6.5,0.0,0.0,4.0,0.0,0.0,0.0,0.0,5.5,0.0,0.0,0.0
12855,1,0.0,0.0,5.5,0.0,0.0,4.0,8.0,0.0,8.0,9.0,6.5,0.0,0.0,0.0,0.0,6.5,0.0,0.0,0.0
12980,1,0.5,1.5,3.0,3.0,4.0,0.0,8.0,0.0,0.0,0.0,-4.0,0.0,0.0,0.0,0.0,7.0,0.0,5.5,6.5
13031,1,0.0,0.0,0.0,0.0,0.0,0.0,0.0,0.0,0.0,4.0,0.5,0.0,0.0,0.5,1.5,0.0,0.0,0.0,0.0
13032,1,0.0,0.0,0.0,0.0,0.0,0.0,0.0,9.0,0.0,0.0,0.0,6.5,0.0,0.0,0.0,6.5,9.0,8.0,9.0
13033,1,0.0,0.0,3.0,1.5,3.0,0.0,4.0,0.0,0.0,0.0,4.0,0.0,0.0,-8.0,0.0,6.5,0.0,0.0,0.0
13039,1,0.0,1.5,4.0,3.0,0.0,4.0,6.5,-9.0,5.5,0.0,5.5,0.0,6.5,0.0,0.0,7.0,-9.0,8.0,0.0
13064,1,0.0,0.5,0.0,3.0,1.5,0.0,3.0,0.0,0.0,0.0,0.5,1.5,6.5,0.0,0.0,0.0,0.0,3.0,4.0
